Readable ID,Firestore ID,Title,Category Readable ID,Category Name,Category Level,Date,Tags
ill-advised-acquisition,06mYMoS2tRHdaIWVtt91,"Ill-Advised Acquisition",ill-advised-acquisition,"Ill-Advised Acquisition",4,2025-05-23T00:38:03.225Z,""
1967,08W7wS5Sz5zDE7Lss2wT,"1967",1967,"1967",4,2025-05-23T00:38:28.362Z,""
was-there-anything-unique,0NwnJGvymiynlbqmbypd,"Was there anything unique about it?",was-there-anything-unique,"Was there anything unique about it?",3,2025-05-23T00:37:52.035Z,""
making-decisions,0RqIZdltg45lXODJjaTL,"Making Decisions",making-decisions,"Making Decisions",4,2025-05-23T00:37:39.590Z,""
ymca-days,0VEZQQaiOLGVyCqP6pQP,"YMCA Days",ymca-days,"YMCA Days",4,2025-05-23T00:37:49.100Z,""
sheltered,0W1yQz3e6YULj8bz6vAG,"Sheltered",sheltered,"Sheltered",4,2025-05-23T00:37:47.726Z,""
times-were-different,0cyYWfjaQYMypE7cdXRr,"Times Were Different",times-were-different,"Times Were Different",4,2025-05-23T00:37:45.774Z,""
spitting-black,0donw57mbKFIWjzdjeyP,"Spitting Black",spitting-black,"Spitting Black",4,2025-05-23T00:37:44.813Z,""
what-was-your-first-real-job,0h9IKgXv6DfRFjinifkC,"What was your first real job?",what-was-your-first-real-job,"What was your first real job?",3,2025-05-23T00:38:01.208Z,""
2025,0p9JefM03z9zwWJ5TwLO,"2025",2025,"2025",4,2025-05-23T00:38:33.285Z,""
thanksgiving-deer,0rS9GQFvlhqqgtlrQpit,"Thanksgiving Deer",thanksgiving-deer,"Thanksgiving Deer",4,2025-05-23T00:38:14.116Z,""
1986,0rnraiBChCPTewbk57IG,"1986",1986,"1986",4,2025-05-23T00:38:30.030Z,""
the-technology-and-true,0s2SypJtCUJlfVgLRM2c,"The Technology and True Artists",the-technology-and-true,"The Technology and True Artists",4,2025-05-23T00:38:16.480Z,""
who-was-your-favorite-teacher,1DmyxUGHmZ8298CLUuTP,"�Who was your favorite teacher in high school?",who-was-your-favorite-teacher,"�Who was your favorite teacher in high school?",3,2025-05-23T00:37:53.684Z,""
how-did-you-meet-your-wife,1E6YpszttZjIkQkQmo3u,"How did you meet your wife?",how-did-you-meet-your-wife,"How did you meet your wife?",3,2025-05-23T00:38:10.558Z,""
glad-you-got-to-meet-me,1EE2bCw8y2ZyrYeAa74Y,"�Glad you got to meet me!�",glad-you-got-to-meet-me,"�Glad you got to meet me!�",4,2025-05-23T00:38:14.435Z,""
scavenger-for-golf-balls,1IDTYjVXVoYFY2ZOt1Fc,"Scavenger for Golf Balls",scavenger-for-golf-balls,"Scavenger for Golf Balls",4,2025-05-23T00:38:12.041Z,""
sheet-parachute,1eupFh5QtZyZ8z1HQCbT,"Sheet Parachute",sheet-parachute,"Sheet Parachute",4,2025-05-23T00:37:47.270Z,""
what-fashion-trends-came-about,1fjfekfUTmBb9AyigrZ0,"What fashion trends came about",what-fashion-trends-came-about,"What fashion trends came about",3,2025-05-23T00:37:54.446Z,""
liquor,1j82i0U6byPwKHmKYzfp,"Liquor",liquor,"Liquor",4,2025-05-23T00:38:20.297Z,""
how-did-your-parents-meet,1lYXpcKdY7MNywwZHezl,"How did your parents meet?",how-did-your-parents-meet,"How did your parents meet?",3,2025-05-23T00:37:40.325Z,""
who-was-your-paternal,1qEVk3fvXntfnKTpi4Pj,"Who
was your paternal grandfather?",who-was-your-paternal,"Who
was your paternal grandfather?",3,2025-05-23T00:37:42.041Z,""
best-worst,20qrYTLnZsRML0o1JER9,"Best/worst",best-worst,"Best/worst",4,2025-05-23T00:38:26.941Z,""
what-advice-would-you-give,26uGCzCmA9bHvtChQ6kp,"What advice would you give your great grandchildren?",what-advice-would-you-give,"What advice would you give your great grandchildren?",3,2025-05-23T00:38:08.766Z,""
college-golf,2845bwOLgDMIcHpAflxT,"College Golf",college-golf,"College Golf",4,2025-05-23T00:37:53.134Z,""
how-did-you-contribute,2A1VF7yVToTdW2xFlnFj,"How did you contribute?",how-did-you-contribute,"How did you contribute?",3,2025-05-23T00:38:07.916Z,""
who-was-your-paternal,2BHbD2aqjobO8Oosksff,"Who was your paternal grandmother?",who-was-your-paternal,"Who was your paternal grandmother?",3,2025-05-23T00:37:42.600Z,""
what-did-your-father-do-for-a,2LICNsfm4VN14MwBDGRR,"What did your father
do for a living?",what-did-your-father-do-for-a,"What did your father
do for a living?",3,2025-05-23T00:37:38.448Z,""
richard-nixon-resignation,2Sedz0HVrxUCM16Abxfm,"Richard Nixon Resignation",richard-nixon-resignation,"Richard Nixon Resignation",4,2025-05-23T00:38:23.416Z,""
how-far-apart-in-age-are-you,2lpRvym6IIS6Mf9lz1Lr,"How far apart in age are you?",how-far-apart-in-age-are-you,"How far apart in age are you?",3,2025-05-23T00:37:41.112Z,""
how-did-you-personally-change,2pD1tPCl0OBrfnb2qgN0,"�How did you personally change during these years?",how-did-you-personally-change,"�How did you personally change during these years?",3,2025-05-23T00:37:51.439Z,""
the-bookstore,31SkXB7fZ0dELXjCXg0P,"The Bookstore",the-bookstore,"The Bookstore",4,2025-05-23T00:37:55.892Z,""
what-were-your-first-odd-jobs,3BKMXj7S8WRPyWAfqMvj,"What were your first odd jobs?",what-were-your-first-odd-jobs,"What were your first odd jobs?",3,2025-05-23T00:38:00.810Z,""
greeting-cards,3GJSkAd0nJ3yO2HMPE9R,"Greeting Cards",greeting-cards,"Greeting Cards",4,2025-05-23T00:38:01.131Z,""
1994,3KmBaccJ0cG437R1oeRX,"1994",1994,"1994",4,2025-05-23T00:38:30.700Z,""
what-was-it-like-the-first,3TnjZZdOAG5Snsy5q5Ky,"What was it like the first time you fell in love?",what-was-it-like-the-first,"What was it like the first time you fell in love?",3,2025-05-23T00:38:10.717Z,""
the-gift-of-responsibility,3e0ovCh2SbA6UtEmmres,"The Gift of Responsibility",the-gift-of-responsibility,"The Gift of Responsibility",4,2025-05-23T00:38:18.979Z,""
do-you-have-a-penny,3iqtBkUTw7Ju244bBbUH,"Do You Have a Penny?",do-you-have-a-penny,"Do You Have a Penny?",4,2025-05-23T00:37:43.344Z,""
2001,3jROlCAJj9DDNNXe5RJO,"2001",2001,"2001",4,2025-05-23T00:38:31.284Z,""
poor-frog,3k3qRDCr9bOrP4cZQBVx,"Poor Frog",poor-frog,"Poor Frog",4,2025-05-23T00:37:48.271Z,""
how-did-you-adapt,3nNjwi9TUNdqetLEWtU4,"How did you adapt?",how-did-you-adapt,"How did you adapt?",3,2025-05-23T00:38:03.963Z,""
what-cartoons-did-you-watch-as,3pUojqhevR0air4MPNCr,"What cartoons did you watch as a kid?",what-cartoons-did-you-watch-as,"What cartoons did you watch as a kid?",3,2025-05-23T00:38:18.188Z,""
what-social-experiences-shaped,3xOziG7X3pBGlTIhrQ8O,"What
social experiences shaped you?",what-social-experiences-shaped,"What
social experiences shaped you?",3,2025-05-23T00:37:58.614Z,""
did-you-go-to-college,40PEgPLImpvgKzbNqh46,"Did you go to college?",did-you-go-to-college,"Did you go to college?",3,2025-05-23T00:37:54.677Z,""
i-want-to-continue-growing-in,41ZlO9GQlCVR7ZbpYgVQ,"I want
to continue growing in business and building financial security while spending
quality time with my children, their families, and supporting their interests.
Current Focus",i-want-to-continue-growing-in,"I want
to continue growing in business and building financial security while spending
quality time with my children, their families, and supporting their interests.
Current Focus",4,2025-05-23T00:38:08.300Z,""
basketball,47U2G3LkP1JJcPhByJno,"Basketball",basketball,"Basketball",4,2025-05-23T00:38:00.632Z,""
2024,4D3viDDLAwoDaEsZZLp9,"2024",2024,"2024",4,2025-05-23T00:38:33.208Z,""
intensive-spanish,4KBifYLBvlLa3uhbrIYP,"Intensive Spanish",intensive-spanish,"Intensive Spanish",4,2025-05-23T00:37:58.928Z,""
the-firebird,4NfHYXowsbI9CDaGcQSI,"The
Firebird",the-firebird,"The
Firebird",4,2025-05-23T00:38:13.680Z,""
the-1970-s,4Q6SmvjJLhnnSPNIQ3o7,"The
1970�s",the-1970-s,"The
1970�s",4,2025-05-23T00:37:56.756Z,""
what-remains-constant,4RzgDx4ftDSx7bnuf7xH,"What remains constant?",what-remains-constant,"What remains constant?",3,2025-05-23T00:38:22.425Z,""
women-s-rights,4UsnfMOp6EJ7evAKr5bp,"Women�s Rights",women-s-rights,"Women�s Rights",4,2025-05-23T00:38:27.253Z,""
success-from-humble-beginnings,4Y4ZH6m0e1fSvBD8POim,"Success From Humble Beginnings",success-from-humble-beginnings,"Success From Humble Beginnings",4,2025-05-23T00:37:39.517Z,""
what-was-it-like-being-the,4b42ixi3DMj0NWxiodEt,"What was it like being the oldest?",what-was-it-like-being-the,"What was it like being the oldest?",3,2025-05-23T00:37:41.356Z,""
news,4wm8arzH0l6KsdyVM58P,"News",news,"News",4,2025-05-23T00:38:18.265Z,""
laptops,51ibwVhIKjuCqiJ5TZcb,"Laptops.",laptops,"Laptops.",4,2025-05-23T00:38:15.534Z,""
the-phone-recovery,51ooZ2ITCy4UUTGtifKw,"The Phone Recovery",the-phone-recovery,"The Phone Recovery",4,2025-05-23T00:37:57.330Z,""
lawn-service,5LHnxdIVNH1G3Og4Ld8k,"Lawn Service",lawn-service,"Lawn Service",4,2025-05-23T00:38:00.975Z,""
greenville-country-club,5NRdUPr3b3ZKMOSp8C3K,"Greenville Country Club",greenville-country-club,"Greenville Country Club",4,2025-05-23T00:38:12.117Z,""
not-ready-for-cfo,5OIlLBRuKyXoH6CPZJ8J,"Not Ready for CFO",not-ready-for-cfo,"Not Ready for CFO",4,2025-05-23T00:38:02.884Z,""
what-subjects-interested-you,5VSwOfNAFKi29Ei6a9QY,"What subjects interested you?",what-subjects-interested-you,"What subjects interested you?",3,2025-05-23T00:37:50.583Z,""
how-did-your-academic,5d3uOXNQXzdpaZUvWHgm,"How did your academic interests evolve?",how-did-your-academic,"How did your academic interests evolve?",3,2025-05-23T00:37:55.134Z,""
what-caution-did-not,5jntOSmbl9VorhBiVYEn,"What caution did not?",what-caution-did-not,"What caution did not?",3,2025-05-23T00:38:22.109Z,""
screen-printing,660eKAcpFtgoX8P9g3CG,"Screen Printing",screen-printing,"Screen Printing",4,2025-05-23T00:38:01.361Z,""
did-you-ever-want-to-be-a,6Hrpo0tGeKupZmEIXOgN,"Did you ever want to
be a professional athlete?",did-you-ever-want-to-be-a,"Did you ever want to
be a professional athlete?",3,2025-05-23T00:38:12.349Z,""
move-to-nashville,6erE6V7h0dHFTiSfHnlL,"Move to Nashville",move-to-nashville,"Move to Nashville",4,2025-05-23T00:38:08.225Z,""
did-you-ever-rebel,6iGybebX2RF6kpNcWuBz,"Did you ever rebel?",did-you-ever-rebel,"Did you ever rebel?",3,2025-05-23T00:37:40.790Z,""
2015,6iMTftwWpDHWZ6srFf9T,"2015",2015,"2015",4,2025-05-23T00:38:32.432Z,""
i-wasn-t-very-good,6my6dRRwb4iaMYa7EQcO,"I Wasn�t Very Good",i-wasn-t-very-good,"I Wasn�t Very Good",4,2025-05-23T00:38:11.895Z,""
what-is-your-definition-of,6nJYVA7iy5310WWzgO4M,"What is your definition of love?",what-is-your-definition-of,"What is your definition of love?",3,2025-05-23T00:38:10.633Z,""
medellin,6oZIhErath8YkUr6d76O,"Medellin",medellin,"Medellin",4,2025-05-23T00:37:59.227Z,""
2007,6of7QMYXEJfJ09YmZCQn,"2007",2007,"2007",4,2025-05-23T00:38:31.759Z,""
how-did-you-pick-a-major-in,6ySjXAhuvouvP4Vs7RG9,"How did you pick a major in graduate
school?",how-did-you-pick-a-major-in,"How did you pick a major in graduate
school?",3,2025-05-23T00:37:58.767Z,""
when-was-your-father-born,72BYKscf2mpMAO8WvW27,"When was your father born?",when-was-your-father-born,"When was your father born?",3,2025-05-23T00:37:38.148Z,""
how-has-travel-influenced-you,7Axdt7H4vbyUyN7b8X5W,"How has travel influenced you?",how-has-travel-influenced-you,"How has travel influenced you?",3,2025-05-23T00:38:18.034Z,""
audi,7FF4MrBVGvLiiX8VUQyK,"Audi",audi,"Audi",4,2025-05-23T00:38:13.776Z,""
nicknames,7HRkwyfkBlzajnGUZJID,"Nicknames",nicknames,"Nicknames",4,2025-05-23T00:37:57.513Z,""
bottle-collecting,7Je1ltnPrRG9hrY4sMRr,"Bottle Collecting",bottle-collecting,"Bottle Collecting",4,2025-05-23T00:38:00.898Z,""
what-qualities-did-you-get,7KAybMhLxIud1QIJx5Nz,"What qualities did you get from your mother?",what-qualities-did-you-get,"What qualities did you get from your mother?",3,2025-05-23T00:37:40.180Z,""
who-were-your-influential,7LeY2q5pqGyrE6aSMD59,"Who were your influential professors?",who-were-your-influential,"Who were your influential professors?",3,2025-05-23T00:37:55.299Z,""
kash-and-karry-to-save-money,7SOzJSkVTEApBfDDIMAt,"Kash and Karry to Save Money",kash-and-karry-to-save-money,"Kash and Karry to Save Money",4,2025-05-23T00:38:09.683Z,""
how-did-your-parents-handle,7T8sRqxnAK9f83Fa4VCJ,"How did your parents handle discipline?",how-did-your-parents-handle,"How did your parents handle discipline?",3,2025-05-23T00:37:41.597Z,""
vice-president-finance,7XyJcDslStlW7MugL1Mw,"Vice
President, Finance & Administration, CFO",vice-president-finance,"Vice
President, Finance & Administration, CFO",4,2025-05-23T00:38:03.063Z,""
what-home-improvements-did-you,7gTvwqm6l6S7cieqbAgO,"What home improvements did you make?",what-home-improvements-did-you,"What home improvements did you make?",3,2025-05-23T00:38:07.600Z,""
wood-s-lake,7o7Uj5KwvMi1nbbDrZdN,"Wood�s Lake",wood-s-lake,"Wood�s Lake",4,2025-05-23T00:37:49.324Z,""
what-did-you-wear-when-younger,80EbK2lC9WeN60Qrujjo,"What did you wear when younger that mortifies you now?",what-did-you-wear-when-younger,"What did you wear when younger that mortifies you now?",3,2025-05-23T00:38:08.684Z,""
what-adventures-have-you-had,8BogedqTQTro7Pi8o6IZ,"What adventures have you had?",what-adventures-have-you-had,"What adventures have you had?",3,2025-05-23T00:38:20.525Z,""
security,8EKwLauCGZFEh8QX7ZWP,"Security",security,"Security",4,2025-05-23T00:37:59.393Z,""
swimming,8IcazK1WEOyH1IeGZzqP,"Swimming",swimming,"Swimming",4,2025-05-23T00:38:11.631Z,""
what-games-did-you-play-at,8NnS0mORXQq2Qt8wUXiH,"What games did you play at school?",what-games-did-you-play-at,"What games did you play at school?",3,2025-05-23T00:37:45.941Z,""
beer,8PvP6uIHrfd4Z7I1WX6G,"Beer",beer,"Beer",4,2025-05-23T00:38:19.452Z,""
so-many-foreigners-here,8VYGqvp2yd6WggaUP2Rx,"So Many Foreigners Here",so-many-foreigners-here,"So Many Foreigners Here",4,2025-05-23T00:37:59.774Z,""
2005,8WCOMBdbelURVBJlVVKa,"2005",2005,"2005",4,2025-05-23T00:38:31.610Z,""
what-are-you-grateful-for,8Z7xUadQqakxlbusNVvd,"What are you grateful for?",what-are-you-grateful-for,"What are you grateful for?",3,2025-05-23T00:38:23.764Z,""
2021,8azGA9HOOhxGk2LntKTP,"2021",2021,"2021",4,2025-05-23T00:38:32.982Z,""
which-was-your-worst-job,8b1mUv3SWfSo0FOj2nB7,"Which was your worst job?",which-was-your-worst-job,"Which was your worst job?",3,2025-05-23T00:38:05.040Z,""
camp-greenville,8fRgOLdwhnx9OmiuHo2h,"Camp Greenville",camp-greenville,"Camp Greenville",4,2025-05-23T00:37:49.401Z,""
what-activities-did-you,8fnCYBc1MvP44ozbRhz9,"What activities did you participate in outside of college?",what-activities-did-you,"What activities did you participate in outside of college?",3,2025-05-23T00:37:55.210Z,""
workplace-reality,8gbkjkpZsREP040DPnmK,"Workplace Reality",workplace-reality,"Workplace Reality",4,2025-05-23T00:38:04.425Z,""
restaurants,8k26hmgz0TtpT5wtEBZI,"Restaurants",restaurants,"Restaurants",4,2025-05-23T00:38:19.129Z,""
what-achievements-are-you,8kqlHgoUcDvzRbGpB2TN,"What achievements are you proud of?",what-achievements-are-you,"What achievements are you proud of?",3,2025-05-23T00:37:52.419Z,""
military-and-defense-spending,8lz7cmJJ6BXypOYToMgd,"Military and Defense Spending:",military-and-defense-spending,"Military and Defense Spending:",3,2025-05-23T00:38:26.712Z,""
human-rights,8oh6tcjQkEXN51FB0oPR,"Human Rights:",human-rights,"Human Rights:",3,2025-05-23T00:38:26.623Z,""
go-west-young-man,8syOyM08AcKBXRFGYnzo,"Go West Young Man",go-west-young-man,"Go West Young Man",4,2025-05-23T00:37:42.351Z,""
wine,8vmjhBYSbOYe6C8yc8lB,"Wine",wine,"Wine",4,2025-05-23T00:38:19.288Z,""
what-cultural-events,9EwrH46ORXkFTmuRyCaG,"What cultural events influenced you?",what-cultural-events,"What cultural events influenced you?",3,2025-05-23T00:37:51.796Z,""
technology-and-innovation,9GJzBsmUJm2Tt7qQwVgH,"Technology and Innovation",technology-and-innovation,"Technology and Innovation",3,2025-05-23T00:38:26.295Z,""
what-did-you-do-during-recess,9HQ6Umn05CnRegw2PTQg,"What did you do during recess?",what-did-you-do-during-recess,"What did you do during recess?",3,2025-05-23T00:37:45.543Z,""
parkins-mill-road,9ZQrTZ0k55CHeBhhFa4c,"Parkins Mill Road",parkins-mill-road,"Parkins Mill Road",4,2025-05-23T00:37:54.019Z,""
what-states-have-you-been-to,9fb6LgnyvCNby012LJKx,"What states have you been to?",what-states-have-you-been-to,"What states have you been to?",3,2025-05-23T00:38:16.746Z,""
what-hope-persists,9mcSgi2SgFIfuROkeYRH,"What hope persists?",what-hope-persists,"What hope persists?",3,2025-05-23T00:38:23.085Z,""
internship,9mwnzLHmRJUcPbnic9Sj,"Internship",internship,"Internship",4,2025-05-23T00:37:59.076Z,""
wake-boarding,9pWv4dVhvpy3Rt4W9gDk,"Wake Boarding",wake-boarding,"Wake Boarding",4,2025-05-23T00:38:15.057Z,""
1988,9urzBHgWTJaVZckR41Fb,"1988",1988,"1988",4,2025-05-23T00:38:30.192Z,""
1995,9w41dUFmdBCRJ6gd9gYQ,"1995",1995,"1995",4,2025-05-23T00:38:30.782Z,""
what-gives-life-meaning,9zpTK3JtJNnVTNbSoA26,"What gives life meaning?",what-gives-life-meaning,"What gives life meaning?",3,2025-05-23T00:38:22.692Z,""
yard-on-fire,A3YawWFkxFiTIOuhyYlu,"Yard on Fire",yard-on-fire,"Yard on Fire",4,2025-05-23T00:37:46.967Z,""
what-s-one-thing-you-wish-you,A43F0sHSfjxuNAw35WZu,"What's one thing you wish you'd known
before going to college?",what-s-one-thing-you-wish-you,"What's one thing you wish you'd known
before going to college?",3,2025-05-23T00:37:58.451Z,""
did-you-ever-quit-a-job,AAdrvysDmlFDf1eugdRr,"Did you ever quit a job?",did-you-ever-quit-a-job,"Did you ever quit a job?",3,2025-05-23T00:38:05.257Z,""
what-experiences-most-shaped,AEPmM7dPUIogr3IlGN0Z,"What experiences most shaped your life?",what-experiences-most-shaped,"What experiences most shaped your life?",3,2025-05-23T00:38:21.701Z,""
what-was-your-schedule-like,AJCwB7gUKjDROB35yzPb,"What was your schedule like?",what-was-your-schedule-like,"What was your schedule like?",3,2025-05-23T00:37:58.261Z,""
pepper-steak,AJNnUjJArOuCyZ3ZAzFk,"Pepper Steak",pepper-steak,"Pepper Steak",4,2025-05-23T00:38:00.470Z,""
poor-dog,ALnWoTyZPDDu5SMwhN7L,"Poor Dog",poor-dog,"Poor Dog",4,2025-05-23T00:38:14.200Z,""
minimum-wage,AMC0FD6rcgtQDtC8YRtv,"Minimum Wage?",minimum-wage,"Minimum Wage?",4,2025-05-23T00:38:25.464Z,""
who-were-your-role-models,AOKSPIpA4AcqBsMzLe5S,"Who were your role models?",who-were-your-role-models,"Who were your role models?",3,2025-05-23T00:37:49.820Z,""
color,APknaSoEHcD9SDFonsBi,"Color",color,"Color",4,2025-05-23T00:38:19.209Z,""
the-fire,APpzzuOcoD5M3h91TGho,"The Fire",the-fire,"The Fire",4,2025-05-23T00:37:46.583Z,""
pool-cleaning,AS3RYPltjJa4Rj6UMMqq,"Pool Cleaning",pool-cleaning,"Pool Cleaning",4,2025-05-23T00:38:01.433Z,""
heart-of-gold,AcOfCqEekpClRLy1cDiY,"Heart
of Gold",heart-of-gold,"Heart
of Gold",4,2025-05-23T00:37:38.741Z,""
have-you-ever-had-your-heart,AeMiOw3CHDGIEeZ14Fj9,"Have you ever had your heart broken?",have-you-ever-had-your-heart,"Have you ever had your heart broken?",3,2025-05-23T00:38:10.798Z,""
what-was-one-of-the-hardest,AeVDQLNLY4JRSAJBXM6p,"What was one of the hardest things about growing up? How did you get
through it?",what-was-one-of-the-hardest,"What was one of the hardest things about growing up? How did you get
through it?",3,2025-05-23T00:38:08.148Z,""
mistaken-bravado,Aep8VqETjMSNgdc0lg2g,"Mistaken Bravado",mistaken-bravado,"Mistaken Bravado",4,2025-05-23T00:37:57.666Z,""
off-campus-lunch,AfVPZeTZ6ze8IGARPAvq,"Off Campus Lunch",off-campus-lunch,"Off Campus Lunch",4,2025-05-23T00:37:51.249Z,""
1983,An1yPeHO8E2er0ZISst2,"1983",1983,"1983",4,2025-05-23T00:38:29.762Z,""
when-was-your-first-kiss,ApwCPQxsYSBaVEnXzBAM,"When was your first kiss?",when-was-your-first-kiss,"When was your first kiss?",3,2025-05-23T00:38:10.245Z,""
what-surprised-you-about-being,AqFKZaxGYmZvg2azXeGn,"What surprised you about being a parent?",what-surprised-you-about-being,"What surprised you about being a parent?",3,2025-05-23T00:38:06.729Z,""
what-are-your-favorite,AwTeuHrSSRC23lj9mOat,"What are your favorite Possessions?",what-are-your-favorite,"What are your favorite Possessions?",3,2025-05-23T00:38:20.372Z,""
it-s-very-down,AxAZmyTUks4XZYo04ate,"It�s Very
Down",it-s-very-down,"It�s Very
Down",4,2025-05-23T00:38:00.317Z,""
what-were-your-plans-for-the,AxwzymzJ6Rpd0gAAUdBT,"What were your plans for the future?",what-were-your-plans-for-the,"What were your plans for the future?",3,2025-05-23T00:37:54.198Z,""
alumni-relations,B22S4h7EoDJmmo7fsUis,"Alumni Relations",alumni-relations,"Alumni Relations",4,2025-05-23T00:38:01.697Z,""
first-experience,BGlPYKt7ctGQsH65mp0A,"First Experience",first-experience,"First Experience",4,2025-05-23T00:38:11.732Z,""
what-impact-did-he-have-on,BLcT0WvSAjrJeAWngX0k,"What impact did he have on your life?",what-impact-did-he-have-on,"What impact did he have on your life?",3,2025-05-23T00:37:42.114Z,""
golf-team-failure,BNYWxDtavYGSP57QrGw4,"Golf Team Failure",golf-team-failure,"Golf Team Failure",4,2025-05-23T00:37:52.651Z,""
what-made-each-place-special,BbpCguRJASzk8fRmHqAD,"What made each place special?",what-made-each-place-special,"What made each place special?",3,2025-05-23T00:38:07.836Z,""
teaching-elizabeth-to-drive,BhKfiBNmCFDnUSfWdQdb,"Teaching
Elizabeth to Drive",teaching-elizabeth-to-drive,"Teaching
Elizabeth to Drive",4,2025-05-23T00:38:06.300Z,""
kash-and-karry,BkcsHdrzMGVNRbufGIyh,"Kash and Karry",kash-and-karry,"Kash and Karry",4,2025-05-23T00:38:09.533Z,""
were-you-shy-or-outgoing,BoVMmJAOvb9em7aJ0smv,"Were you shy or outgoing?",were-you-shy-or-outgoing,"Were you shy or outgoing?",3,2025-05-23T00:37:50.203Z,""
what-is-your-idea-of-perfect,Br2bWrLPgcLrf2hxXWGO,"What is your idea of perfect happiness?",what-is-your-idea-of-perfect,"What is your idea of perfect happiness?",3,2025-05-23T00:38:10.894Z,""
creighton-street,Btrn5oYp8GmDhQfxeVjb,"Creighton Street",creighton-street,"Creighton Street",4,2025-05-23T00:37:46.033Z,""
teaching-william-to-drive,BuGNutdymbvikhxG0lE8,"Teaching
William to drive",teaching-william-to-drive,"Teaching
William to drive",4,2025-05-23T00:38:06.225Z,""
what-are-you-most-grateful-for,By5JUtlKCdEYJoK9qLcT,"What are you most grateful for?",what-are-you-most-grateful-for,"What are you most grateful for?",3,2025-05-23T00:38:21.528Z,""
1987,CEPAI0BlTn5b2TdMeVF4,"1987",1987,"1987",4,2025-05-23T00:38:30.108Z,""
1976,CEZzfTKBrVyk9kArfkYW,"1976,",1976,"1976,",4,2025-05-23T00:38:29.128Z,""
a-mother-s-crush,CabFXAq3Iey8ZlWeYXaQ,"A Mother�s Crush",a-mother-s-crush,"A Mother�s Crush",4,2025-05-23T00:38:16.260Z,""
which-was-your-best-job,Cie9afGaYaASEHdo00JO,"Which was your best job",which-was-your-best-job,"Which was your best job",3,2025-05-23T00:38:04.967Z,""
the-violin,CmWBk9QRBCOWqNPam16p,"The Violin",the-violin,"The Violin",4,2025-05-23T00:37:45.847Z,""
like-james,Cw9tWRqxduauJNO7TmqX,"Like
James?",like-james,"Like
James?",4,2025-05-23T00:37:37.548Z,""
tom-campbell,D3qBoiAn9kEJ8pdkbQRH,"Tom Campbell",tom-campbell,"Tom Campbell",4,2025-05-23T00:38:04.722Z,""
how-similar-or-different-are,D4SmbuEoNq2OuIiSnoiN,"How
similar or different are you?",how-similar-or-different-are,"How
similar or different are you?",3,2025-05-23T00:37:41.430Z,""
how-has-the-world-changed-for,D7kkjohWDDLw1prguNt1,"How has the world changed for better/worse?",how-has-the-world-changed-for,"How has the world changed for better/worse?",3,2025-05-23T00:38:25.075Z,""
2004,DBPXsBuWkmDemeVyy6yH,"2004",2004,"2004",4,2025-05-23T00:38:31.534Z,""
the-runaways,DDFcpEiqGpMBe9clFMF9,"The Runaways",the-runaways,"The Runaways",4,2025-05-23T00:37:47.580Z,""
did-you-have-any-siblings,DHburcMcB6EEihZyi5X4,"Did you have any siblings?",did-you-have-any-siblings,"Did you have any siblings?",3,2025-05-23T00:37:41.032Z,""
freshman-ignorance,DIP5SQFLUSrqGGQiV335,"Freshman Ignorance",freshman-ignorance,"Freshman Ignorance",4,2025-05-23T00:37:54.100Z,""
artificial-intelligence,DIq0LT9Sc0t4llwKJBYa,"Artificial Intelligence",artificial-intelligence,"Artificial Intelligence",4,2025-05-23T00:38:15.850Z,""
speaker-program,DJh2ke3Qzq04z4thuG6A,"Speaker Program",speaker-program,"Speaker Program",4,2025-05-23T00:38:01.596Z,""
finance-manager-row,DKGoCr5Iao5Rimmvw1CT,"Finance Manager, ROW",finance-manager-row,"Finance Manager, ROW",4,2025-05-23T00:38:02.440Z,""
cameras,DWGDIMB3TkC1b27ppJdw,"Cameras",cameras,"Cameras",4,2025-05-23T00:38:15.685Z,""
what-was-happening-in-the,DdOTF0IJvW8W2AI2pjtu,"What was happening in the world when you were born?",what-was-happening-in-the,"What was happening in the world when you were born?",3,2025-05-23T00:37:37.630Z,""
what-choices-would-you-change,DigXHUoWAITSaIBImopz,"What choices would you change?",what-choices-would-you-change,"What choices would you change?",3,2025-05-23T00:38:21.864Z,""
do-you-believe-in-life-after,Duepd5z3ZDZ1WCbOYIPF,"Do you believe in life
after death?",do-you-believe-in-life-after,"Do you believe in life
after death?",3,2025-05-23T00:38:18.575Z,""
vice-president-finance-cfo,E2em9MEFfKkh7jZNbogm,"Vice President, Finance, CFO",vice-president-finance-cfo,"Vice President, Finance, CFO",4,2025-05-23T00:38:03.140Z,""
what-was-your-least-favorite,E4jIUcPmQj9bDBdyIkr8,"What was your least favorite class?",what-was-your-least-favorite,"What was your least favorite class?",3,2025-05-23T00:37:53.857Z,""
wow-what-a-pool,E866ltcERzA2AmFLlZ84,"�Wow, What a Pool!�",wow-what-a-pool,"�Wow, What a Pool!�",4,2025-05-23T00:38:14.358Z,""
how-did-you-choose-a-major,ENk2VCqph05aklStVCWg,"How did you choose a major?",how-did-you-choose-a-major,"How did you choose a major?",3,2025-05-23T00:37:58.850Z,""
what-countries-have-you-been,EWg7k4MG0zx3lWSViuXE,"What countries have you been to?",what-countries-have-you-been,"What countries have you been to?",3,2025-05-23T00:38:16.645Z,""
what-did-you-listen-to-over,EX6a7kHLiTP10sEED3Fh,"What did you listen to over the years?",what-did-you-listen-to-over,"What did you listen to over the years?",3,2025-05-23T00:38:16.100Z,""
what-world-political-events-do,Ejm1jRBlBYd9otzZBJtG,"What world/political events do you remember?",what-world-political-events-do,"What world/political events do you remember?",3,2025-05-23T00:37:54.525Z,""
traditions,Ejsz9FBavwiwUlhbrKZQ,"Traditions",traditions,"Traditions",4,2025-05-23T00:38:20.796Z,""
don-t-you-ever-talk,F0N3uB2BXNBabtWVjzSd,"Don�t You Ever Talk?",don-t-you-ever-talk,"Don�t You Ever Talk?",4,2025-05-23T00:37:40.476Z,""
first-play,F6XXVjsZl5R6hfZn2DNw,"First Play",first-play,"First Play",4,2025-05-23T00:38:11.819Z,""
marriage,FJ06XSiOZfLwfd9vAYqx,"Marriage",marriage,"Marriage",3,2025-05-23T00:38:05.655Z,""
how-did-your-industry-change,FTErmH5MHCmbfQqyD1ja,"How did your industry change?",how-did-your-industry-change,"How did your industry change?",3,2025-05-23T00:38:05.495Z,""
windsurfing-in-grand-caymen,FUZ8XJIL7k0B9FlJg1wn,"Windsurfing in Grand Caymen",windsurfing-in-grand-caymen,"Windsurfing in Grand Caymen",4,2025-05-23T00:38:17.319Z,""
second-car,FmOVRQmab9GxEdpGB7If,"Second Car",second-car,"Second Car",4,2025-05-23T00:38:13.513Z,""
what-was-an-important-lesson,Fo4jD2OWkCVSmtI0O7lv,"What was an important lesson parents taught, lived by shared with kids?",what-was-an-important-lesson,"What was an important lesson parents taught, lived by shared with kids?",3,2025-05-23T00:37:40.954Z,""
how-did-you-decide-to-go-to,Fpftl8Dg1WOHFXkAwHqD,"How did you decide to go to college?",how-did-you-decide-to-go-to,"How did you decide to go to college?",3,2025-05-23T00:37:54.750Z,""
the-arrival,FwhKbxEcDNVx1sbzaBfK,"The Arrival",the-arrival,"The Arrival",4,2025-05-23T00:37:59.153Z,""
nicknames,FxXTkEkWNneCUC6drtRy,"Nicknames",nicknames,"Nicknames",4,2025-05-23T00:37:53.612Z,""
worst-trip,GO9WRpHK3VNvmbGsCzUa,"Worst trip",worst-trip,"Worst trip",4,2025-05-23T00:38:16.996Z,""
unavoidable-fight,GRdHG0r24DOK9Ga13QCo,"Unavoidable Fight",unavoidable-fight,"Unavoidable Fight",4,2025-05-23T00:38:10.399Z,""
what-career-regrets-do-you,GSHpbfosnzoMzeHh9jkK,"What career regrets do you have?",what-career-regrets-do-you,"What career regrets do you have?",3,2025-05-23T00:38:04.351Z,""
what-challenges-did-you-face,GWeDf9kxnh8e9lCydeJh,"What challenges did you face?",what-challenges-did-you-face,"What challenges did you face?",3,2025-05-23T00:38:06.802Z,""
lost-credits,GY0NIge8FdhQTa3wt0XM,"Lost Credits",lost-credits,"Lost Credits",4,2025-05-23T00:37:56.918Z,""
what-values-did-you-try-to,GiLtmJ4MyCyeVN5MIMa8,"What values did you try to instill?",what-values-did-you-try-to,"What values did you try to instill?",3,2025-05-23T00:38:07.058Z,""
dad-s-first-and-last-deer,Gv6kuI2xJbLTwtlmUISd,"Dad�s First and Last Deer",dad-s-first-and-last-deer,"Dad�s First and Last Deer",4,2025-05-23T00:37:48.349Z,""
casualty-reports,H4dhUxpPUGcMjuBnxQkX,"Casualty Reports",casualty-reports,"Casualty Reports",4,2025-05-23T00:37:51.691Z,""
odd-jobs,HEmlLtpHIxsXm4nDd9PR,"Odd Jobs",odd-jobs,"Odd Jobs",4,2025-05-23T00:38:09.832Z,""
society-culture,HHXhD0bZOOBmom2ZDHo8,"Society & Culture",society-culture,"Society & Culture",3,2025-05-23T00:38:27.019Z,""
bambi,HIuAdRhD6E3xzhfXnpW8,"Bambi",bambi,"Bambi",4,2025-05-23T00:37:49.173Z,""
what-was-he-like-when-he-was,HewR0SILa1mROAVDu4Vc,"What was he like when he was younger?",what-was-he-like-when-he-was,"What was he like when he was younger?",3,2025-05-23T00:37:38.369Z,""
newspaper-delivery,HksxjTSNOgtsOH61dWQM,"Newspaper Delivery",newspaper-delivery,"Newspaper Delivery",4,2025-05-23T00:37:38.595Z,""
do-you-have-a-dream-you-haven,Hm4EYPL0sO1pJ2l7G98d,"Do you have a dream you haven't achieved
yet? Will you keep trying?",do-you-have-a-dream-you-haven,"Do you have a dream you haven't achieved
yet? Will you keep trying?",3,2025-05-23T00:38:08.456Z,""
who-was-your-maternal,HxNLfFC8iCcnOtqa7f31,"Who was your maternal grandmother?",who-was-your-maternal,"Who was your maternal grandmother?",3,2025-05-23T00:37:43.590Z,""
what-were-your-most-least,HyVssd5Nr0m2EJemRyXD,"What were your most/least favorite college courses?",what-were-your-most-least,"What were your most/least favorite college courses?",3,2025-05-23T00:37:54.985Z,""
educational-guinea-pig,HzR2ErM2I2bB5M7I9frf,"Educational Guinea Pig",educational-guinea-pig,"Educational Guinea Pig",4,2025-05-23T00:37:50.975Z,""
santa-s-helper,ICyq3WgqnfIZsM7kAHY1,"Santa�s Helper",santa-s-helper,"Santa�s Helper",4,2025-05-23T00:38:21.272Z,""
late-night-exploring,IF1bFvLhLxugHBPlOk0K,"Late Night Exploring",late-night-exploring,"Late Night Exploring",4,2025-05-23T00:37:56.601Z,""
2012,IH1tpS3LbGoc4yxp7fTr,"2012",2012,"2012",4,2025-05-23T00:38:32.168Z,""
how-did-you-decide-where-to-go,IIt92bqXhZSXPNlerN1K,"How did you decide where to go to college?",how-did-you-decide-where-to-go,"How did you decide where to go to college?",3,2025-05-23T00:37:54.828Z,""
email,ILbpp3T7gS9iJutGLRgs,"Email",email,"Email",4,2025-05-23T00:38:15.613Z,""
what-social-changes-occurred,IRotA5CTYLoIGJLmS0Iw,"What social changes occurred?",what-social-changes-occurred,"What social changes occurred?",3,2025-05-23T00:37:51.516Z,""
three-men-died,IWE1iQFDTisPosPmvuZd,"Three Men Died",three-men-died,"Three Men Died",4,2025-05-23T00:37:46.817Z,""
1972,IbJB297yEe34tnXIRHrG,"1972",1972,"1972",4,2025-05-23T00:38:28.791Z,""
1980,IdPdc9Rq3iiSuCzVL6Ze,"1980",1980,"1980",4,2025-05-23T00:38:29.525Z,""
what-are-the-best-things-money,IdcrQSDCDipyo9zMCgnd,"What are the best things money can't buy?",what-are-the-best-things-money,"What are the best things money can't buy?",3,2025-05-23T00:38:25.241Z,""
dale-carnegie,IgkNcbYEnpJbH47GGALS,"Dale Carnegie",dale-carnegie,"Dale Carnegie",4,2025-05-23T00:38:02.018Z,""
associate-director-of,Iqjy13TDGSDGaoM9vKsu,"Associate Director of Corporate Relations",associate-director-of,"Associate Director of Corporate Relations",4,2025-05-23T00:38:01.507Z,""
have-you-ever-broken-a-bone,IuBDsfigwk37fgl88zXU,"Have you ever broken a bone?",have-you-ever-broken-a-bone,"Have you ever broken a bone?",3,2025-05-23T00:38:20.215Z,""
1965,IuQjB13VEHbdxSiqo9J3,"1965",1965,"1965",4,2025-05-23T00:38:28.208Z,""
cub-scouts,J8gY21JGcagkHdzgcoee,"Cub Scouts",cub-scouts,"Cub Scouts",4,2025-05-23T00:37:46.261Z,""
what-are-your-weaknesses,JJG3EQ4yoaO6uZcbsaUq,"What are your Weaknesses",what-are-your-weaknesses,"What are your Weaknesses",3,2025-05-23T00:38:20.449Z,""
what-advice-would-you-give,JLtefOVAZ3yaYMw7mWYl,"What advice would you give your younger self?",what-advice-would-you-give,"What advice would you give your younger self?",3,2025-05-23T00:38:08.601Z,""
lake-hartwell,JOkQNUHUSHOviK5cgIxa,"Lake Hartwell",lake-hartwell,"Lake Hartwell",4,2025-05-23T00:38:20.626Z,""
what-challenges-changed-you,JTdjUZUrtQNNr7rYp12X,"What challenges changed you?",what-challenges-changed-you,"What challenges changed you?",3,2025-05-23T00:38:22.350Z,""
financial-analyst,JaYlGdWGeyKtBWsx15uU,"Financial Analyst",financial-analyst,"Financial Analyst",4,2025-05-23T00:38:02.172Z,""
cutting-grass,JjszCoPbiGW9SEXDcwy8,"Cutting Grass",cutting-grass,"Cutting Grass",4,2025-05-23T00:38:01.049Z,""
what-have-been-some-of-your,Js3LDzwPceU1Cquj8SXZ,"What have been some of
your life's greatest surprises, disappointments?",what-have-been-some-of-your,"What have been some of
your life's greatest surprises, disappointments?",3,2025-05-23T00:38:18.902Z,""
burning-leaves,K1LCWfCw7M4RbbD7gb1n,"Burning Leaves",burning-leaves,"Burning Leaves",4,2025-05-23T00:37:47.348Z,""
best-trip,K6VSZBr7ViBY8is1vhke,"Best trip",best-trip,"Best trip",4,2025-05-23T00:38:16.897Z,""
best-shape-of-my-life,KHaKQHi7dQN4AHK3X9ta,"Best Shape of My Life",best-shape-of-my-life,"Best Shape of My Life",4,2025-05-23T00:37:56.442Z,""
2006,KKZsBpkcB780hdvCs1R0,"2006",2006,"2006",4,2025-05-23T00:38:31.684Z,""
how-were-your-grades,KLndjUgzgL8XaE0j2yIO,"How were your grades?",how-were-your-grades,"How were your grades?",3,2025-05-23T00:37:50.660Z,""
how-did-college-shape-you,Kbf2C24AecQyGfyFL4Ph,"How did college shape you?",how-did-college-shape-you,"How did college shape you?",3,2025-05-23T00:37:58.381Z,""
fear-of-mice,KkwTbIXXuSunDWvJhv07,"Fear of Mice",fear-of-mice,"Fear of Mice",4,2025-05-23T00:37:39.125Z,""
how-has-technology-influenced,KrLT51zRRvVl3tOiLyhZ,"How has technology influenced your life?",how-has-technology-influenced,"How has technology influenced your life?",3,2025-05-23T00:38:15.210Z,""
they-are-people-too,L3aLrOxIiosbVxU9SNaz,"They Are People Too",they-are-people-too,"They Are People Too",4,2025-05-23T00:37:41.966Z,""
what-ifs,L7MzrMYEdKIN6oKQm34k,"What ifs",what-ifs,"What ifs",4,2025-05-23T00:38:03.730Z,""
government-waste,LAYYQLWG6us6CMT1GN4f,"Government Waste",government-waste,"Government Waste",4,2025-05-23T00:38:02.095Z,""
2020,LBjRHXYaT8gHKItgY3T5,"2020",2020,"2020",4,2025-05-23T00:38:32.904Z,""
the-station-wagon,LGMYh3LwnclxHnx8k7ob,"The Station Wagon",the-station-wagon,"The Station Wagon",4,2025-05-23T00:38:14.039Z,""
first-dorm,LIgBmr03bW7t6AoGEKL5,"First Dorm",first-dorm,"First Dorm",4,2025-05-23T00:37:55.725Z,""
mistletoe,LJCGwCNdBFJzYlfNvMjg,"Mistletoe",mistletoe,"Mistletoe",4,2025-05-23T00:37:47.047Z,""
senior-honor,LLL0XI8Bg8GHCphT3ZOO,"Senior Honor",senior-honor,"Senior Honor",4,2025-05-23T00:37:53.458Z,""
how-did-you-prepare-for,LSHWjVkYdGC48INSfRjH,"How did you prepare for parenthood?",how-did-you-prepare-for,"How did you prepare for parenthood?",3,2025-05-23T00:38:06.644Z,""
free-speech-vs-censorship,LkMeenpsMGLIbKyt3Y5x,"Free Speech vs. Censorship:",free-speech-vs-censorship,"Free Speech vs. Censorship:",3,2025-05-23T00:38:26.024Z,""
what-activities-did-you-do,LxwmPdtG9ftHSBAhd1Ap,"What activities did you do together?",what-activities-did-you-do,"What activities did you do together?",3,2025-05-23T00:38:06.965Z,""
what-college-achievements-are,M5MQpAG1gNd5zsYvpTCQ,"What college achievements are you proud of?",what-college-achievements-are,"What college achievements are you proud of?",3,2025-05-23T00:37:55.060Z,""
riding-horse,M8ywJlDNekswOnrlavcq,"Riding Horse",riding-horse,"Riding Horse",4,2025-05-23T00:37:44.247Z,""
mardi-gras,MCxTpr7jxg8Nj5nExJot,"Mardi Gras",mardi-gras,"Mardi Gras",4,2025-05-23T00:38:16.818Z,""
lab-partner-crush,MGaGU4KG1ZGYfHeKRUpJ,"Lab Partner Crush",lab-partner-crush,"Lab Partner Crush",4,2025-05-23T00:37:51.175Z,""
the-changing-technology-of,MGyBhsI2ZDujjKWzXW5G,"The Changing Technology of Music",the-changing-technology-of,"The Changing Technology of Music",4,2025-05-23T00:38:16.183Z,""
what-principles-guided-your,MIx1vBMsiC1Yxo72PqqD,"What principles guided your leadership?",what-principles-guided-your,"What principles guided your leadership?",3,2025-05-23T00:38:04.206Z,""
how-did-locations-affect,MN4os7O1zJfjqh0ZFEr5,"How did locations affect lifestyle?",how-did-locations-affect,"How did locations affect lifestyle?",3,2025-05-23T00:38:07.757Z,""
what-was-your-favorite-class,MOr0JoKvFKzLACTW5pwb,"What was your favorite class?",what-was-your-favorite-class,"What was your favorite class?",3,2025-05-23T00:37:50.740Z,""
money-exchange-fiasco,MdPwb2P0dbQrROZmsfJn,"Money Exchange Fiasco",money-exchange-fiasco,"Money Exchange Fiasco",4,2025-05-23T00:38:00.711Z,""
late-nights,Mmz3a1ZrRS1gaw4qjQ4c,"Late Nights",late-nights,"Late Nights",4,2025-05-23T00:38:00.089Z,""
legacy-thoughts,MoyxDflmx3SxVdO93c4D,"Legacy Thoughts",legacy-thoughts,"Legacy Thoughts",3,2025-05-23T00:37:37.231Z,""
1964,NHIngYCZTVGGjUbwGDAY,"1964",1964,"1964",4,2025-05-23T00:38:28.134Z,""
really,NSOqX0Z4J64K7yK2q6rq,"Really?",really,"Really?",4,2025-05-23T00:38:01.856Z,""
stolen-battery,NheK95PvWmY1u4GX5Zru,"Stolen
Battery",stolen-battery,"Stolen
Battery",4,2025-05-23T00:38:13.252Z,""
what-was-your-favorite-sports,Nj9vspE4YjO32YclVsXN,"What was your favorite sports team?",what-was-your-favorite-sports,"What was your favorite sports team?",3,2025-05-23T00:38:12.525Z,""
did-you-join-a-fraternity-in,Nl57AVrPHIjgB3A3zdLH,"Did you join a fraternity in college?",did-you-join-a-fraternity-in,"Did you join a fraternity in college?",3,2025-05-23T00:37:55.479Z,""
immigration,NriBM0A3SIoCSFTP0Ff8,"Immigration:",immigration,"Immigration:",3,2025-05-23T00:38:26.209Z,""
who-what-inspires-you,O5mQdgkasRwj2idIyr8e,"Who/What inspires you?",who-what-inspires-you,"Who/What inspires you?",3,2025-05-23T00:38:09.062Z,""
fourth-grade,O5oFJXafKmej1xN4ZqZh,"Fourth Grade",fourth-grade,"Fourth Grade",4,2025-05-23T00:37:45.368Z,""
did-your-mother-have-any,OLwcUGoN2UxglWExvbWf,"Did your mother have any siblings?",did-your-mother-have-any,"Did your mother have any siblings?",3,2025-05-23T00:37:39.940Z,""
2009,ONwMc87J8Q08n3uDTJjZ,"2009",2009,"2009",4,2025-05-23T00:38:31.931Z,""
computers,OQbGceDQonGxmUtOJbVG,"Computers",computers,"Computers",4,2025-05-23T00:38:15.462Z,""
move-to-europe,OTfNMKWThiuBCXx0zD7a,"Move to Europe",move-to-europe,"Move to Europe",4,2025-05-23T00:38:02.595Z,""
who-was-your-best-boss,OW4MxE5WnuEy6OZfHO0y,"Who was your best boss",who-was-your-best-boss,"Who was your best boss",3,2025-05-23T00:38:04.500Z,""
what-were-your-friends-like-in,OY06lKGrPkSgyWGK3jJJ,"What were your friends like in college?",what-were-your-friends-like-in,"What were your friends like in college?",3,2025-05-23T00:37:57.833Z,""
what-was-it-like-becoming-a,OYyr1HZKBOGrrnkegtFC,"What was it like becoming a parent?",what-was-it-like-becoming-a,"What was it like becoming a parent?",3,2025-05-23T00:38:06.552Z,""
penny-collection,OfyCWPAKQICPoSJd4BqE,"Penny Collection",penny-collection,"Penny Collection",4,2025-05-23T00:37:46.894Z,""
first-disappointment,Ogf1rcqDu1SQAmcfO7mo,"First Disappointment",first-disappointment,"First Disappointment",4,2025-05-23T00:38:10.479Z,""
what-are-your-views-on-money,OgxhtT8cwYOraeTAsScz,"What are your views on money?",what-are-your-views-on-money,"What are your views on money?",3,2025-05-23T00:38:09.298Z,""
battle-scars,OjEyrS4zLFL94CDYv00n,"Battle
Scars",battle-scars,"Battle
Scars",4,2025-05-23T00:37:48.739Z,""
transfer-to-clemson,Ona2xYVIaoGq4AcgpSpu,"Transfer to Clemson",transfer-to-clemson,"Transfer to Clemson",4,2025-05-23T00:37:56.677Z,""
what-would-you-consider-your,Ooc954mZHWHNTHK0KsMx,"What would you consider your motto?",what-would-you-consider-your,"What would you consider your motto?",3,2025-05-23T00:38:24.184Z,""
saturday-morning-post-office,OsYHwpp3pqquMN1i8Iw1,"Saturday Morning Post Office",saturday-morning-post-office,"Saturday Morning Post Office",4,2025-05-23T00:37:39.201Z,""
9-11,P0XCrBrEGln0yEFlP8P7,"9/11",9-11,"9/11",4,2025-05-23T00:38:23.508Z,""
electric,PE8mqKfkapWnJav7KPg8,"Electric",electric,"Electric",4,2025-05-23T00:38:16.030Z,""
what-was-it-like-being-so,PIu6guIHpUIICxM5evPk,"What was it like being so close in age?",what-was-it-like-being-so,"What was it like being so close in age?",3,2025-05-23T00:37:41.186Z,""
academic-turnaround,PM0HGxeMVLkm2iYkbYZT,"Academic Turnaround",academic-turnaround,"Academic Turnaround",4,2025-05-23T00:37:56.368Z,""
did-you-work-in-college,PPwutq9USYdnHKGuxfWZ,"Did you work in college?",did-you-work-in-college,"Did you work in college?",3,2025-05-23T00:37:55.395Z,""
arrogance-cost-me,PTEtH3AjRvn7L15hx33C,"Arrogance Cost Me",arrogance-cost-me,"Arrogance Cost Me",4,2025-05-23T00:37:57.157Z,""
orange-bowl,PV603N3vAvdA8ijLf8kB,"Orange Bowl",orange-bowl,"Orange Bowl",4,2025-05-23T00:37:57.751Z,""
haircuts,PeWYXsn6AyBWCEwsLO1R,"Haircuts",haircuts,"Haircuts",4,2025-05-23T00:37:47.118Z,""
have-these-changed-over-time,Pf8w1zHZ6jQWjC6OmwAh,"Have these changed over time?",have-these-changed-over-time,"Have these changed over time?",3,2025-05-23T00:38:21.106Z,""
which-presidents-have-you,PkEF7wHJUFCzNGrC7d2a,"Which Presidents have you voted for and why?",which-presidents-have-you,"Which Presidents have you voted for and why?",3,2025-05-23T00:38:11.299Z,""
1966,Ppwb1O1KyUDsWJJEvBnn,"1966",1966,"1966",4,2025-05-23T00:38:28.285Z,""
what-do-you-think-are-the,Pr3cXa4gb9lMerRkZ3Zf,"What do you think are the secrets to a happy relationship?",what-do-you-think-are-the,"What do you think are the secrets to a happy relationship?",3,2025-05-23T00:38:11.064Z,""
what-neighborhoods-shaped,PsR9H0eaNIqdiBL3KhJT,"What neighborhoods shaped family life?",what-neighborhoods-shaped,"What neighborhoods shaped family life?",3,2025-05-23T00:38:07.525Z,""
o-wah-tay-goo-si-am,PvtwGccCBO3HF9bG2xPv,"O Wah Tay Goo Si Am",o-wah-tay-goo-si-am,"O Wah Tay Goo Si Am",4,2025-05-23T00:37:49.483Z,""
how-did-you-figure-out-how-to,Pz4KHmRQnlmUw4TfTG5O,"How did you figure out how to be a parent?",how-did-you-figure-out-how-to,"How did you figure out how to be a parent?",3,2025-05-23T00:38:06.048Z,""
scheduling,Q9SRrVATSwlTdF8zm3vH,"Scheduling",scheduling,"Scheduling",4,2025-05-23T00:37:55.813Z,""
what-was-your-name-again,Q9UaDhIk1GQSduzEDgLT,"What Was Your Name Again?",what-was-your-name-again,"What Was Your Name Again?",4,2025-05-23T00:37:40.400Z,""
diversity-and-inclusion,QJPV1JTZwHu4PeMsob7N,"Diversity and Inclusion:",diversity-and-inclusion,"Diversity and Inclusion:",3,2025-05-23T00:38:26.115Z,""
my-baseball-experience,QNaroKYmCPIVZNA6xxL5,"My Baseball Experience",my-baseball-experience,"My Baseball Experience",4,2025-05-23T00:37:49.250Z,""
tribute-to-my-father,QPa4kkamOR9zZZDZrvqG,"Tribute to My Father",tribute-to-my-father,"Tribute to My Father",4,2025-05-23T00:37:39.689Z,""
least-favorites,QeOSf3O4kHmA1sHstrht,"Least Favorites",least-favorites,"Least Favorites",4,2025-05-23T00:38:21.034Z,""
what-things-do-you-admire-the,QjCCerihNk1S2wdYtzea,"What things do you admire the most about your mother?",what-things-do-you-admire-the,"What things do you admire the most about your mother?",3,2025-05-23T00:37:40.250Z,""
the-business-grew,QpoGgpTmb3FHk1z5NRns,"The Business Grew",the-business-grew,"The Business Grew",4,2025-05-23T00:38:09.919Z,""
when-was-your-first-girlfriend,QrZoEsMvDBi2FUU7MXNZ,"When was your first girlfriend?",when-was-your-first-girlfriend,"When was your first girlfriend?",3,2025-05-23T00:38:10.162Z,""
what-moves-have-you-made,Qt3Q5U9h2omOnQeEfUJF,"What moves have you made?",what-moves-have-you-made,"What moves have you made?",3,2025-05-23T00:38:14.275Z,""
how-did-you-get-to-school,QyAH2KmefM7ZS9aIZHmY,"How did you get to school?",how-did-you-get-to-school,"How did you get to school?",3,2025-05-23T00:37:45.066Z,""
what-music-was-important-to,R44v7il6HGREBeY55IjQ,"What music was important to you?",what-music-was-important-to,"What music was important to you?",3,2025-05-23T00:37:54.266Z,""
cost-of-things-food-gas-cars,R72RLmDv3fv7aLBWyTnN,"Cost of things�.food, gas, cars, movies, houses",cost-of-things-food-gas-cars,"Cost of things�.food, gas, cars, movies, houses",4,2025-05-23T00:38:24.766Z,""
lake-hartwell,R90hwYpd0nP8u2PbgqS2,"Lake Hartwell",lake-hartwell,"Lake Hartwell",4,2025-05-23T00:37:49.649Z,""
the-end-of-my-first-car,RB94dfzmcrN7GpdNV9QM,"The End of
My First Car",the-end-of-my-first-car,"The End of
My First Car",4,2025-05-23T00:38:13.435Z,""
cement-fight,RFLVT3z90Mb4lKTBjWtq,"Cement Fight",cement-fight,"Cement Fight",4,2025-05-23T00:37:46.665Z,""
first-purchased-house,RLT4JNJcwsuMmRSYMT7E,"First Purchased House",first-purchased-house,"First Purchased House",4,2025-05-23T00:38:09.608Z,""
brady,ROx5MjWTs67QqonumN0p,"Brady",brady,"Brady",4,2025-05-23T00:38:05.807Z,""
ski-trips,RPGg1Gaz2T89QUvE6QkD,"Ski Trips",ski-trips,"Ski Trips",4,2025-05-23T00:38:17.166Z,""
yo-yos,RZMTeiPtWd99vImEcHzj,"Yo-Yos",yo-yos,"Yo-Yos",4,2025-05-23T00:37:46.429Z,""
mountains-on-bad-tires,Rjd0moui3stCLYGKsbH7,"Mountains on Bad Tires",mountains-on-bad-tires,"Mountains on Bad Tires",4,2025-05-23T00:37:59.474Z,""
were-the-classes-hard,RlbS60mo8stUYJnnaSpn,"Were the classes hard?",were-the-classes-hard,"Were the classes hard?",3,2025-05-23T00:37:57.907Z,""
looking-forward,Rmt0u0qA93jfhgToZRQQ,"Looking Forward",looking-forward,"Looking Forward",4,2025-05-23T00:38:08.384Z,""
travelling-baseball,RxJiT1uwKoWm08UzLeJx,"Travelling Baseball",travelling-baseball,"Travelling Baseball",4,2025-05-23T00:38:17.783Z,""
bachelor-party,S7ALG0tsXa4xZBJAP5pU,"Bachelor Party",bachelor-party,"Bachelor Party",4,2025-05-23T00:38:14.908Z,""
did-you-go-to-graduate-school,S9UWYf3JkhXS9KtNfmRO,"Did you go to graduate
school?",did-you-go-to-graduate-school,"Did you go to graduate
school?",3,2025-05-23T00:37:58.687Z,""
1982,SAaVCQaibPGJFq37QxFo,"1982",1982,"1982",4,2025-05-23T00:38:29.686Z,""
2011,SK9tUlob0CAP8jCn2ebO,"2011",2011,"2011",4,2025-05-23T00:38:32.075Z,""
what-beliefs-do-you-have-that,SP69FipOSFOAKboS19fq,"What beliefs do you
have that are different than your parents�?",what-beliefs-do-you-have-that,"What beliefs do you
have that are different than your parents�?",3,2025-05-23T00:38:09.143Z,""
panty-raids,SSAi4DqBbReOV89sTB08,"Panty Raids",panty-raids,"Panty Raids",4,2025-05-23T00:37:56.063Z,""
did-your-father-have-any,SSPothDtPTCHt9UAKENH,"Did your father have any siblings?",did-your-father-have-any,"Did your father have any siblings?",3,2025-05-23T00:37:38.296Z,""
money-tough-times,SV5c2K3zFObxMqz3SRbi,"Money�Tough times�.",money-tough-times,"Money�Tough times�.",4,2025-05-23T00:38:09.449Z,""
green-hole,SWkyD8NKJDwtO8TE7U6q,"Green Hole",green-hole,"Green Hole",4,2025-05-23T00:37:56.521Z,""
1990,SecvuWOkGuBagKPDt7m2,"1990",1990,"1990",4,2025-05-23T00:38:30.348Z,""
summer-movies,T0jxgUtRBOuGLHL9iWT2,"Summer Movies",summer-movies,"Summer Movies",4,2025-05-23T00:37:49.578Z,""
big-brother-tricks,TOmAQ1fR8xb5rV7oS8sJ,"Big Brother Tricks",big-brother-tricks,"Big Brother Tricks",4,2025-05-23T00:37:48.941Z,""
flight-from-medellin-to-cali,TRFpbWH2JtC9XZ9f1LfM,"Flight from
Medellin to Cali",flight-from-medellin-to-cali,"Flight from
Medellin to Cali",4,2025-05-23T00:37:59.852Z,""
1977,TjCg0dtSudWCh1BCj9Ry,"1977",1977,"1977",4,2025-05-23T00:38:29.208Z,""
the-beats-of-hip-hop-and,TjiAKhjxnmf9w5xSmPLf,"The Beats of Hip-Hop and Cultural Storms",the-beats-of-hip-hop-and,"The Beats of Hip-Hop and Cultural Storms",4,2025-05-23T00:38:16.402Z,""
1984,TjllxUz6kXRIkdMWrrnn,"1984",1984,"1984",4,2025-05-23T00:38:29.866Z,""
move-in,Tm2K7wyIgr9z9Pk1PBQ1,"Move-In",move-in,"Move-In",4,2025-05-23T00:37:55.566Z,""
what-peace-have-you-found,TqdKX0HJh2MByV6iC0AV,"What peace have you found?",what-peace-have-you-found,"What peace have you found?",3,2025-05-23T00:38:22.938Z,""
integrated-classroom,U4PKPdLbYjtH2T8SOiPF,"Integrated Classroom",integrated-classroom,"Integrated Classroom",4,2025-05-23T00:38:27.174Z,""
his-death,U76hToljcWribdtOPNHw,"His Death",his-death,"His Death",4,2025-05-23T00:37:42.515Z,""
davos-switzerland,U7UEAsfYX1YITKRGVo9r,"Davos, Switzerland",davos-switzerland,"Davos, Switzerland",4,2025-05-23T00:38:17.552Z,""
spin-the-bottle,U8tQRKFbesEaVVkVFzIt,"Spin the Bottle",spin-the-bottle,"Spin the Bottle",4,2025-05-23T00:38:10.318Z,""
blackberry-picking,UD5j4mxUvbv9IVaWqhJn,"Blackberry Picking",blackberry-picking,"Blackberry Picking",4,2025-05-23T00:37:44.894Z,""
caf-con-leche,UWJpzQL4CfyvXXZle30x,"Caf� con Leche",caf-con-leche,"Caf� con Leche",4,2025-05-23T00:37:59.698Z,""
remote-work-vs-in-office-work,UYealTedZFqFR5wmjBtM,"Remote Work vs. In-Office Work:",remote-work-vs-in-office-work,"Remote Work vs. In-Office Work:",4,2025-05-23T00:38:25.544Z,""
second-grade,UdGflhxnIAzCzF3u1ZJE,"Second Grade",second-grade,"Second Grade",4,2025-05-23T00:37:45.215Z,""
jfk-assassination,Ug3ZXkTKHG4ozgDVAtjM,"JFK Assassination",jfk-assassination,"JFK Assassination",4,2025-05-23T00:38:27.567Z,""
what-is-the-secret-to-staying,UyfXVYRECjZOhTAMwcGd,"What is the secret to staying young?",what-is-the-secret-to-staying,"What is the secret to staying young?",3,2025-05-23T00:38:25.398Z,""
ink-blots,VQyhxuRexbxmQB3GM6Nu,"Ink Blots",ink-blots,"Ink Blots",4,2025-05-23T00:37:48.054Z,""
golf-team-disappointment,VdIPkDdEyFZDxDPvglmw,"Golf Team Disappointment",golf-team-disappointment,"Golf Team Disappointment",4,2025-05-23T00:37:52.885Z,""
what-are-your-happiest-moments,VfQayeFIa1QWQam54vgY,"What are your happiest moments?",what-are-your-happiest-moments,"What are your happiest moments?",3,2025-05-23T00:38:24.685Z,""
wealth-inequality,VykxShJUq5HjNOTJG6hA,"Wealth Inequality:",wealth-inequality,"Wealth Inequality:",3,2025-05-23T00:38:25.702Z,""
1974,W46qkeEb9y5OO3VBYFhx,"1974",1974,"1974",4,2025-05-23T00:38:28.965Z,""
first-detective-show,W7pvVNzUjtFUsCgQatNv,"First Detective Show",first-detective-show,"First Detective Show",4,2025-05-23T00:37:43.674Z,""
how-did-you-prepare-for-change,WEwKEuqBkatJiGdDgGJo,"How did you prepare for change?",how-did-you-prepare-for-change,"How did you prepare for change?",3,2025-05-23T00:38:03.637Z,""
third-grade,WJDzT7ARTbZPoJIVSRZK,"Third Grade",third-grade,"Third Grade",4,2025-05-23T00:37:45.291Z,""
woodbine-terrace,WZMOokv3oWE4ovIu4mQE,"Woodbine Terrace",woodbine-terrace,"Woodbine Terrace",4,2025-05-23T00:37:44.332Z,""
what-is-your-greatest,WgmvfN7WdSIaSiAnhzwZ,"What is your greatest achievement?",what-is-your-greatest,"What is your greatest achievement?",3,2025-05-23T00:38:24.511Z,""
1971,WsTziPCl4KgonMXNtGcl,"1971,",1971,"1971,",4,2025-05-23T00:38:28.715Z,""
politics,X5DmcICdPPQ1dFHFiVxi,"Politics",politics,"Politics",3,2025-05-23T00:38:32.825Z,""
what-is-your-greatest,X6UHlnUY3vUlcO7Wyon4,"What is your greatest achievement?",what-is-your-greatest,"What is your greatest achievement?",3,2025-05-23T00:38:19.052Z,""
what-brings-greatest,X77fL58L0NXPZaWjNBMo,"What brings greatest satisfaction?",what-brings-greatest,"What brings greatest satisfaction?",3,2025-05-23T00:38:22.532Z,""
manmade-sledding,XE0Q9KJn06VFhkPtkkYR,"Manmade
Sledding",manmade-sledding,"Manmade
Sledding",4,2025-05-23T00:37:48.130Z,""
the-tattle-tail,XFUiLBiVMxns4bFHaeSz,"The Tattle Tail",the-tattle-tail,"The Tattle Tail",4,2025-05-23T00:37:47.800Z,""
evolving-tastes-and-country,XG0pP2QGstsyLi3tnUIq,"Evolving Tastes and Country Roads",evolving-tastes-and-country,"Evolving Tastes and Country Roads",4,2025-05-23T00:38:16.333Z,""
waiter-cried,XLBfg2SZMl3dk3Pk1pzI,"Waiter Cried",waiter-cried,"Waiter Cried",4,2025-05-23T00:38:00.549Z,""
what-is-your-favorite-sports,XWxTZXisE2C1mbM9xaEG,"What is your favorite sports movie?",what-is-your-favorite-sports,"What is your favorite sports movie?",3,2025-05-23T00:38:12.992Z,""
umbrella-parachute,XdrNu64N0fJeQTPrECq3,"Umbrella Parachute",umbrella-parachute,"Umbrella Parachute",4,2025-05-23T00:37:47.191Z,""
first-real-firing,XepWMWG9uaEw2tDdQsRA,"First Real Firing",first-real-firing,"First Real Firing",4,2025-05-23T00:38:01.285Z,""
what-risks-didn-t,XtPfJTBzhCmGEGzdPpnh,"What risks didn�t?",what-risks-didn-t,"What risks didn�t?",3,2025-05-23T00:38:21.947Z,""
how-has-life-turned-out,Xzqqd4nSYBrBmPdqOGcN,"How has life turned out differently than you imagined?",how-has-life-turned-out,"How has life turned out differently than you imagined?",3,2025-05-23T00:38:23.682Z,""
vietnam-war,YDyE6MztMVl2wzQ5vW9s,"Vietnam War",vietnam-war,"Vietnam War",4,2025-05-23T00:38:23.334Z,""
first-grade,YHwL9XtfZUbirgmh769l,"First Grade",first-grade,"First Grade",4,2025-05-23T00:37:45.142Z,""
how-did-you-choose-locations,YNYcNIIofYnC5YtVXTT4,"How did you choose locations?",how-did-you-choose-locations,"How did you choose locations?",3,2025-05-23T00:38:07.449Z,""
what-were-family-dinners-like,YRz4yukJQXWX16CD8LJt,"What were family dinners like?",what-were-family-dinners-like,"What were family dinners like?",3,2025-05-23T00:37:50.133Z,""
international-financial,YbWTUmiLd6osL6gilMSw,"International Financial Analyst",international-financial,"International Financial Analyst",4,2025-05-23T00:38:02.254Z,""
2019,YcUGzYM5shusuwsjyMVt,"2019",2019,"2019",4,2025-05-23T00:38:32.749Z,""
1982-was-a-very-good-year,YiaPSegJ7OzWch4ysSXv,"1982 was a very good year!",1982-was-a-very-good-year,"1982 was a very good year!",4,2025-05-23T00:37:58.179Z,""
2013,Yic7ziqjx0PU1DOcIQoo,"2013",2013,"2013",4,2025-05-23T00:38:32.265Z,""
how-have-sports-influenced,Yj0POIKznFhfPR0nqDic,"How have sports influenced your life?",how-have-sports-influenced,"How have sports influenced your life?",3,2025-05-23T00:38:11.466Z,""
what-is-your-best-advice-when,Yuba3iMmabwz2HQHzfWS,"What is your best
advice when it comes to work?",what-is-your-best-advice-when,"What is your best
advice when it comes to work?",3,2025-05-23T00:38:08.847Z,""
gidget,YugKZ3w5rJDyrcE91bTk,"Gidget",gidget,"Gidget",4,2025-05-23T00:37:42.425Z,""
1963,YzhNS1dvl5Xa8RvhmdUF,"1963",1963,"1963",4,2025-05-23T00:38:28.061Z,""
we-moved-again,Z8jZA0q4lPAE7PiMvoIS,"We Moved Again",we-moved-again,"We Moved Again",4,2025-05-23T00:38:10.009Z,""
shuttle-challenger-explosion,ZIGRjuJmT6m75pPTjQ4V,"Shuttle Challenger Explosion",shuttle-challenger-explosion,"Shuttle Challenger Explosion",4,2025-05-23T00:38:23.599Z,""
hippies,ZNvSqIcYr3lH0OelXGfn,"�Hippies",hippies,"�Hippies",4,2025-05-23T00:38:27.097Z,""
what-were-your-academic,ZRHAMcyqreQwyFjU4FEu,"What were your academic strengths?",what-were-your-academic,"What were your academic strengths?",3,2025-05-23T00:37:52.348Z,""
who-were-your-favorite,ZYCS9W2SlD7LKq13keyU,"Who were your favorite teachers?",who-were-your-favorite,"Who were your favorite teachers?",3,2025-05-23T00:37:45.618Z,""
what-wisdom-did-you-gain,ZZXu20KEi6Scej3mGwqj,"What wisdom did you gain?",what-wisdom-did-you-gain,"What wisdom did you gain?",3,2025-05-23T00:38:07.991Z,""
1996,Zl80SQ7yDJnylDYBaER2,"1996",1996,"1996",4,2025-05-23T00:38:30.861Z,""
when-did-they-get-married,ZmJITiU5ZTd61KbPOij6,"When did they get married?",when-did-they-get-married,"When did they get married?",3,2025-05-23T00:37:40.559Z,""
first-priority,ZxXh66Xyz2yjWuRQknoF,"First Priority",first-priority,"First Priority",4,2025-05-23T00:37:39.051Z,""
1960,aB1dQLMbsEMJ1jLSJktR,"1960",1960,"1960",4,2025-05-23T00:38:27.813Z,""
who-did-you-look-up-to-then,aITGTeBZvYvYxlUT9YCS,"Who did you look up to then and now?",who-did-you-look-up-to-then,"Who did you look up to then and now?",3,2025-05-23T00:38:24.999Z,""
first-home,aMObD9xyjNFGaeuVZXgd,"First Home",first-home,"First Home",4,2025-05-23T00:37:43.916Z,""
i-m-not-eating-that,aQ6YGWmBucxlWcpTkVEM,"I�m Not Eating That",i-m-not-eating-that,"I�m Not Eating That",4,2025-05-23T00:37:59.623Z,""
errant-shot,aQVbjg9gv3rgkpLS2qlm,"Errant Shot",errant-shot,"Errant Shot",4,2025-05-23T00:37:52.980Z,""
education,aSyg1cvmSwhRmjrvChcm,"Education",education,"Education",3,2025-05-23T00:38:25.868Z,""
1969,aViAVwswSBrINkNi57nJ,"1969",1969,"1969",4,2025-05-23T00:38:28.535Z,""
who-took-care-of-you-during,alXFEC8xQAso12bHn0uE,"Who took care of you during the day?",who-took-care-of-you-during,"Who took care of you during the day?",3,2025-05-23T00:37:41.669Z,""
1989,arNicqTcSTR3sPqH8By5,"1989",1989,"1989",4,2025-05-23T00:38:30.273Z,""
2022,awg2F9WmlC0UgHBJ9sjV,"2022",2022,"2022",4,2025-05-23T00:38:33.058Z,""
skiing,axvSkfFFO9jUtPFY9YdZ,"Skiing",skiing,"Skiing",4,2025-05-23T00:38:14.509Z,""
early-memories-of-money,b4ZRWcGEf2th5PLqTQcE,"Early Memories of Money",early-memories-of-money,"Early Memories of Money",4,2025-05-23T00:38:09.376Z,""
did-you-ever-get-in-trouble-at,bC8APiEOmQncI3VuSlsI,"Did you ever get in
trouble at school as a child?",did-you-ever-get-in-trouble-at,"Did you ever get in
trouble at school as a child?",3,2025-05-23T00:37:45.700Z,""
pretend-girlfriends,bCVuyHDsLrk5BddqKNpj,"Pretend Girlfriends",pretend-girlfriends,"Pretend Girlfriends",4,2025-05-23T00:37:51.094Z,""
2017,bCrBg5LdWoQOUzdAPQKu,"2017",2017,"2017",4,2025-05-23T00:38:32.590Z,""
1992,bHHDMwfTxccWRXotWg7Z,"1992",1992,"1992",4,2025-05-23T00:38:30.529Z,""
1999,bTQyC3GukRqrtOL2YsCg,"1999",1999,"1999",4,2025-05-23T00:38:31.104Z,""
1997,bWP9gHZy0vgM3XflyLCI,"1997",1997,"1997",4,2025-05-23T00:38:30.950Z,""
craig-niemiec,bYRBc0x92Skx0KX5HDqb,"Craig Niemiec",craig-niemiec,"Craig Niemiec",4,2025-05-23T00:38:04.810Z,""
what-was-the-name-of-your-high,bhuy3BPbxvLeYDB7LMHQ,"What
was the name of your high school?",what-was-the-name-of-your-high,"What
was the name of your high school?",3,2025-05-23T00:37:51.877Z,""
how-to-win-at-office-politics,bnDdjgoHAlgH1C1IiTLn,"How to Win at Office Politics.",how-to-win-at-office-politics,"How to Win at Office Politics.",4,2025-05-23T00:38:18.108Z,""
navy-service,boC7I3FrZ00cmTPZKa7O,"Navy Service",navy-service,"Navy Service",4,2025-05-23T00:37:38.966Z,""
first-moon-walk,buGaOmqQv76M8tK3NtZU,"First Moon Walk",first-moon-walk,"First Moon Walk",4,2025-05-23T00:38:23.259Z,""
2002,bwRswSKVlvmCAWAHsZtP,"2002",2002,"2002",4,2025-05-23T00:38:31.365Z,""
slingshot,bxqtvnDZboV41fWzvsOE,"Slingshot",slingshot,"Slingshot",4,2025-05-23T00:37:38.664Z,""
how-have-love-relationships,c2u3A1rZymxo9QTS1NkA,"How have love relationships influenced you?",how-have-love-relationships,"How have love relationships influenced you?",3,2025-05-23T00:38:11.144Z,""
man-on-the-moon,c4L5r0zwrkf0Tnla7SHq,"Man on the Moon",man-on-the-moon,"Man on the Moon",4,2025-05-23T00:38:27.494Z,""
first-lesson-about-fire,c4SKLiPiUOrUegt6xoAP,"First Lesson About Fire",first-lesson-about-fire,"First Lesson About Fire",4,2025-05-23T00:37:44.565Z,""
muhammed-ali,cLBNLP9869NfYXhdfWxA,"Muhammed Ali",muhammed-ali,"Muhammed Ali",4,2025-05-23T00:38:27.640Z,""
what-elementary-school-did-you,cNcN3fyUigAQl5uD13sQ,"What
elementary school did you attend?",what-elementary-school-did-you,"What
elementary school did you attend?",3,2025-05-23T00:37:44.981Z,""
my-only-sport,cNhYniTAiPBWOqE3h4QK,"My Only Sport",my-only-sport,"My Only Sport",4,2025-05-23T00:38:12.190Z,""
internet,cNiZ6vVdxFbibvl3XNUO,"Internet",internet,"Internet",4,2025-05-23T00:38:15.764Z,""
the-beach,cONLWB72hyP5zGQLKHf9,"The Beach",the-beach,"The Beach",4,2025-05-23T00:38:14.585Z,""
what-caution-paid-off,cPkC8Dkb98uBrIhGfmaz,"What caution paid off?",what-caution-paid-off,"What caution paid off?",3,2025-05-23T00:38:22.028Z,""
the-bond-motto,cT9uUNGfY2OAE39NJC1H,"The Bond Motto",the-bond-motto,"The Bond Motto",4,2025-05-23T00:37:38.008Z,""
how-did-your-outlook-mature,cbDLS3Y8E5fFh6Z70VsC,"How did your outlook mature?",how-did-your-outlook-mature,"How did your outlook mature?",3,2025-05-23T00:38:08.075Z,""
where-was-your-father-born,cthcFmE0zA86mmQ9oRQv,"Where was your father born?",where-was-your-father-born,"Where was your father born?",3,2025-05-23T00:37:38.224Z,""
solitaire,dKnsCEXwPwA3WImGIYqR,"Solitaire",solitaire,"Solitaire",4,2025-05-23T00:37:42.279Z,""
1979,dQEdcjvHFt9t5AuHe5MF,"1979",1979,"1979",4,2025-05-23T00:38:29.379Z,""
capitalism-versus-socialism,dT7PcVZrtfXiwOPAv3fQ,"Capitalism versus Socialism",capitalism-versus-socialism,"Capitalism versus Socialism",3,2025-05-23T00:38:25.780Z,""
what-do-you-know-about-the,dZV3F4pO9lr50zKdRpP9,"What do you know about the family origins?",what-do-you-know-about-the,"What do you know about the family origins?",3,2025-05-23T00:37:37.861Z,""
first-heartbreak,daOzCgkL1hzgBVmSJmDy,"First Heartbreak",first-heartbreak,"First Heartbreak",4,2025-05-23T00:37:56.301Z,""
vacations,diPEr2S9zCuVpGjkesIW,"Vacations",vacations,"Vacations",2,2025-05-23T00:37:38.816Z,""
dad-s-garden,dqwaqj0y81g0dILS2Nzx,"Dad's
Garden",dad-s-garden,"Dad's
Garden",4,2025-05-23T00:37:44.083Z,""
who-were-your-roommates,dv6tg0hSZEwJy45chNJ5,"Who were your roommates?",who-were-your-roommates,"Who were your roommates?",3,2025-05-23T00:37:58.000Z,""
what-personal-expectations-do,dvBfNUKkFmwLzY0IO8Dg,"What personal expectations do you hold yourself to?",what-personal-expectations-do,"What personal expectations do you hold yourself to?",4,2025-05-23T00:38:08.917Z,""
how-did-you-handle-education,dxlxaZv20SoZOrPRVflF,"How did you handle education decisions?",how-did-you-handle-education,"How did you handle education decisions?",3,2025-05-23T00:38:07.131Z,""
longest-trip,e0vbQyIH0ZHVJjtn8M4H,"Longest trip",longest-trip,"Longest trip",4,2025-05-23T00:38:17.083Z,""
what-accomplishments-mean-most,e5UKyjrb7o6iXflNqZfM,"What accomplishments mean most?",what-accomplishments-mean-most,"What accomplishments mean most?",3,2025-05-23T00:38:22.608Z,""
1962,e9RyUJX7gF63F6le8PPt,"1962",1962,"1962",4,2025-05-23T00:38:27.970Z,""
what-is-your-best-advice-for,eFATlmIznTam7139Is3h,"What is your best advice for ones career?",what-is-your-best-advice-for,"What is your best advice for ones career?",3,2025-05-23T00:38:05.183Z,""
hotel-dann-phone-call,eFQUgo9TAZVzJU5VJgh5,"Hotel Dann Phone Call",hotel-dann-phone-call,"Hotel Dann Phone Call",4,2025-05-23T00:37:59.932Z,""
what-moves-were-significant,eP2N60oKtDVBWdH214OA,"What moves were significant?",what-moves-were-significant,"What moves were significant?",3,2025-05-23T00:38:07.679Z,""
football,eRFhZkEo9EVenVnFO0cm,"Football",football,"Football",4,2025-05-23T00:38:11.552Z,""
summer-golf,eSfsWsXuCidBQCok12vg,"Summer Golf",summer-golf,"Summer Golf",4,2025-05-23T00:37:53.054Z,""
earthquake,eWO3yr4vzWkag54yBhW6,"Earthquake",earthquake,"Earthquake",4,2025-05-23T00:38:00.165Z,""
new-friends,eu1ok9qYZVmaWJgCaWL2,"New Friends",new-friends,"New Friends",4,2025-05-23T00:37:52.110Z,""
how-do-you-like-your-coffee,f22s88rbTRdGhkCEGMlJ,"How do you like your coffee?",how-do-you-like-your-coffee,"How do you like your coffee?",3,2025-05-23T00:38:19.673Z,""
no-role-model,fEsmNLQ6KylRwIQeTYA4,"No
Role Model",no-role-model,"No
Role Model",4,2025-05-23T00:37:39.274Z,""
how-did-you-learn-to-drive,fKT9maYSWzaAGaKVnbDc,"How did you learn to
drive?",how-did-you-learn-to-drive,"How did you learn to
drive?",3,2025-05-23T00:38:13.593Z,""
what-is-your-favorite-season,fSfMRjBKchhBy5cFLMS7,"What is your favorite season?",what-is-your-favorite-season,"What is your favorite season?",3,2025-05-23T00:38:20.145Z,""
what-was-your-first-car,fSsExIQ9gL1VCBszU35o,"�What was your first car?",what-was-your-first-car,"�What was your first car?",3,2025-05-23T00:38:13.082Z,""
muhammad-ali-fight,fX8BTS8AnTbMR8mVmqAN,"Muhammad Ali Fight",muhammad-ali-fight,"Muhammad Ali Fight",4,2025-05-23T00:37:56.150Z,""
what-courses-did-you-take,fcjGu4kWWB17kBs77T4E,"What courses did you take?",what-courses-did-you-take,"What courses did you take?",3,2025-05-23T00:37:52.191Z,""
2023,g1yQd4iMrq16notiOBgV,"2023",2023,"2023",4,2025-05-23T00:38:33.133Z,""
award-winning-decorations,g5ojFngy2vGOtBDET4lI,"Award Winning Decorations",award-winning-decorations,"Award Winning Decorations",4,2025-05-23T00:37:46.741Z,""
what-was-your-most-significant,g65S2tC1y0jjqkKmdhC6,"What was your most significant challenge?",what-was-your-most-significant,"What was your most significant challenge?",3,2025-05-23T00:38:03.884Z,""
who-was-your-maternal,g6RL4W4l45fENWWcTpgf,"Who was your maternal grandfather?",who-was-your-maternal,"Who was your maternal grandfather?",3,2025-05-23T00:37:43.162Z,""
body-surfing,g7Z4b5VLPUvQMDST7lqJ,"Body Surfing",body-surfing,"Body Surfing",4,2025-05-23T00:38:14.680Z,""
injury-prone,g9tH4eq0rFoeGY5tsiTY,"Injury Prone",injury-prone,"Injury Prone",4,2025-05-23T00:37:41.276Z,""
what-qualities-did-you-get,gEHiCbSV9lHVXsERbrVM,"What qualities did you get from your father?",what-qualities-did-you-get,"What qualities did you get from your father?",3,2025-05-23T00:37:39.363Z,""
aguardiente,gIfqe2UfgWYKMZeVtSxK,"Aguardiente",aguardiente,"Aguardiente",4,2025-05-23T00:38:00.393Z,""
music,gKOhpFBZtJhHHnh8NgHm,"Music",music,"Music",4,2025-05-23T00:38:15.380Z,""
new-musical-direction,gQ9FX0eaePxrmK78g6d3,"New Musical Direction",new-musical-direction,"New Musical Direction",4,2025-05-23T00:37:50.891Z,""
fifth-grade,gRmmOeZJcIMjpsug32KU,"Fifth Grade",fifth-grade,"Fifth Grade",4,2025-05-23T00:37:45.447Z,""
1973,gTlTdnxe94xM8E6EdUxZ,"1973",1973,"1973",4,2025-05-23T00:38:28.883Z,""
1961,gdZRagfdewr0B68USycK,"1961",1961,"1961",4,2025-05-23T00:38:27.898Z,""
tv-evolution,giNhcW2RWROYCaxTBQoR,"TV Evolution",tv-evolution,"TV Evolution",4,2025-05-23T00:38:18.347Z,""
what-was-your-relationship,gucRTKJ1AAg9bwAKAX3h,"What was your relationship with your parents like when you were a child,
teenager, or adult?",what-was-your-relationship,"What was your relationship with your parents like when you were a child,
teenager, or adult?",3,2025-05-23T00:37:40.866Z,""
2008,gvTxvxDKAC59VE7CzQjO,"2008",2008,"2008",4,2025-05-23T00:38:31.858Z,""
didn-t-make-the-golf-team,h1mEYVe1o70Nx7bO7sq9,"Didn�t Make the Golf Team",didn-t-make-the-golf-team,"Didn�t Make the Golf Team",4,2025-05-23T00:38:23.938Z,""
what-traditions-did-you,h3NA1NDtY9wZnz8ELxtA,"What traditions did you participate in?",what-traditions-did-you,"What traditions did you participate in?",3,2025-05-23T00:37:58.085Z,""
have-you-known-some-colorful,h5YicPusAWcSVpgoR2la,"Have you known some colorful characters?",have-you-known-some-colorful,"Have you known some colorful characters?",3,2025-05-23T00:38:24.924Z,""
1981,h7zJHEJJmBQjFjWz6MXd,"1981",1981,"1981",4,2025-05-23T00:38:29.605Z,""
myrtle-monsters,hPYu1JvpgmRiOd0vY9S8,"Myrtle Monsters",myrtle-monsters,"Myrtle Monsters",4,2025-05-23T00:38:14.832Z,""
what-did-you-do-together,hR1GF32AwcPw0Qhmjdli,"What did you do together?",what-did-you-do-together,"What did you do together?",3,2025-05-23T00:37:41.514Z,""
political-polarization,hT1tEsJnZ21cQWiIOZ7p,"Political Polarization:",political-polarization,"Political Polarization:",3,2025-05-23T00:38:26.448Z,""
christmas-tree,hZdn9WewdjBHLGYsySrj,"Christmas Tree",christmas-tree,"Christmas Tree",4,2025-05-23T00:37:47.980Z,""
what-s-next,hqaRGNqrHzwiHxdOAeve,"What's next?",what-s-next,"What's next?",3,2025-05-23T00:38:08.530Z,""
what-beliefs-or-values-did-he,hx0Qs7bIc1mkFbqXsNnq,"What beliefs or values did he instill in you?",what-beliefs-or-values-did-he,"What beliefs or values did he instill in you?",3,2025-05-23T00:37:38.515Z,""
chief-financial-officer,hzhxEoEiv8EgcTxIrUOz,"Chief Financial Officer",chief-financial-officer,"Chief Financial Officer",4,2025-05-23T00:38:03.397Z,""
springbrook,i37rDiBpubZR0DUIEb9m,"Springbrook",springbrook,"Springbrook",4,2025-05-23T00:38:05.730Z,""
how-did-you-plan-career,iJ6VaKRAJELZ0Z3OEFVD,"How did you plan career transitions?",how-did-you-plan-career,"How did you plan career transitions?",3,2025-05-23T00:38:04.131Z,""
what-regrets-remain,iLcqQe3gTFG4zWXroGid,"What regrets remain?",what-regrets-remain,"What regrets remain?",3,2025-05-23T00:38:22.841Z,""
knocked-his-teeth-out,iMTkhaf6mgNbh6cCZwBj,"Knocked His
Teeth Out",knocked-his-teeth-out,"Knocked His
Teeth Out",4,2025-05-23T00:37:46.499Z,""
what-are-the-best-things-about,iaVArzt7wd7A5J8iCB4Y,"What are the best things about being a grandparent?",what-are-the-best-things-about,"What are the best things about being a grandparent?",3,2025-05-23T00:38:25.317Z,""
1968,iaZdvxKapZ1NmV3kdSHQ,"1968",1968,"1968",4,2025-05-23T00:38:28.446Z,""
director-of-latin-american,iazwfGx6GoSoBeSbPe2T,"Director of Latin American Operations",director-of-latin-american,"Director of Latin American Operations",4,2025-05-23T00:38:01.948Z,""
what-was-your-favorite-player,icxfq95zlSdmBkWUPNwJ,"What was your favorite player of all time?",what-was-your-favorite-player,"What was your favorite player of all time?",3,2025-05-23T00:38:12.600Z,""
no-college,ijRutnJ1eNkyPrR0CRPJ,"No College",no-college,"No College",4,2025-05-23T00:37:38.890Z,""
1998,imhjIaDMQscI7iliSZB3,"1998",1998,"1998",4,2025-05-23T00:38:31.026Z,""
cars,iqELNEdn1cKcXVCw2JOT,"Cars",cars,"Cars",4,2025-05-23T00:38:15.924Z,""
what-were-your-hobbies,j4FrtC0JLkaG0Kg0lgY2,"What were your hobbies?",what-were-your-hobbies,"What were your hobbies?",3,2025-05-23T00:38:24.843Z,""
2000,j7GqmDiAM9WEDTUtMET5,"2000",2000,"2000",4,2025-05-23T00:38:31.207Z,""
what-have-you-changed-your,jENlDZXTnnp5ZuT0yQtS,"What have you changed
your mind about over the years?",what-have-you-changed-your,"What have you changed
your mind about over the years?",3,2025-05-23T00:38:09.225Z,""
when-was-your-mother-born,jIAGaD6e0bnMDATxdvrh,"When was your mother born?",when-was-your-mother-born,"When was your mother born?",3,2025-05-23T00:37:39.777Z,""
were-you-ever-fired,jKve72Rat1fqqprQ7AzL,"Were you ever fired",were-you-ever-fired,"Were you ever fired",3,2025-05-23T00:38:05.115Z,""
what-chores-did-you-have,jNkFgeaMf22D1UvKEXYp,"What chores did you have?",what-chores-did-you-have,"What chores did you have?",3,2025-05-23T00:37:49.979Z,""
ice-cream,jUU47Y6WwcRrFPZrzRWD,"Ice Cream",ice-cream,"Ice Cream",4,2025-05-23T00:38:19.525Z,""
brick-on-a-string,jfi3MAAl5eyLNKV04gig,"Brick on a String",brick-on-a-string,"Brick on a String",4,2025-05-23T00:37:47.432Z,""
do-you-consider-your-childhood,jidjn56SxpPxEslQDXok,"Do you consider your
childhood to have been a happy one?",do-you-consider-your-childhood,"Do you consider your
childhood to have been a happy one?",3,2025-05-23T00:37:54.600Z,""
how-have-you-changed-over-time,jlWIvipPJjHCDATSg0SX,"How have you changed over time?",how-have-you-changed-over-time,"How have you changed over time?",3,2025-05-23T00:38:22.191Z,""
where-were-you-born,jp6OgWGB4KOwkBp832qH,"Where were you born?",where-were-you-born,"Where were you born?",3,2025-05-23T00:37:37.387Z,""
what-car-trouble-have-you-had,kAOdeE2PwhJioMsVQeFl,"What car trouble have you had?",what-car-trouble-have-you-had,"What car trouble have you had?",3,2025-05-23T00:38:13.880Z,""
finance-director-international,kEbrMKRWRK8eXvmgILWL,"Finance Director, International",finance-director-international,"Finance Director, International",4,2025-05-23T00:38:02.817Z,""
what-parenting-style-did-you,kFrdnkV2IokAoM0Ct6wF,"What parenting style did you develop?",what-parenting-style-did-you,"What parenting style did you develop?",3,2025-05-23T00:38:06.880Z,""
grilling-shark,kIaYjbGzktoAjTB8fRBZ,"Grilling Shark",grilling-shark,"Grilling Shark",4,2025-05-23T00:38:14.984Z,""
what-things-matter-most-to-you,kJHaIdZjMaMbJ3w52uHj,"What things matter most to you in life?",what-things-matter-most-to-you,"What things matter most to you in life?",3,2025-05-23T00:38:21.613Z,""
2010,kLe8fQaTQ2yvUAsQkQEs,"2010",2010,"2010",4,2025-05-23T00:38:32.001Z,""
what-decisions-shaped-your,kLneTzj1lIKMNN10881E,"What decisions shaped your life most?",what-decisions-shaped-your,"What decisions shaped your life most?",3,2025-05-23T00:38:21.781Z,""
business,kQNdJeF4m7OD6FOZIpEs,"Business�",business,"Business�",3,2025-05-23T00:38:29.449Z,""
the-bond-fire,kXd29bOsccQExbWhVmFA,"The �Bond� Fire",the-bond-fire,"The �Bond� Fire",4,2025-05-23T00:37:44.645Z,""
sophomore-year,kaJ4KCLHkmfLW11FcaIp,"Sophomore Year",sophomore-year,"Sophomore Year",4,2025-05-23T00:37:52.726Z,""
what-are-your-career-regrets,l0TdmU3g3FMbHWHOPGV4,"What are your career regrets?",what-are-your-career-regrets,"What are your career regrets?",3,2025-05-23T00:38:05.419Z,""
what-was-one-of-the-most,lFdV9a6nhcnCnOSZT3qk,"What was one of the most romantic moments in your life?",what-was-one-of-the-most,"What was one of the most romantic moments in your life?",3,2025-05-23T00:38:10.981Z,""
run-in,lKZU0B3XZMYelAvQak6C,"Run In",run-in,"Run In",4,2025-05-23T00:38:02.363Z,""
close-call,lL5AWD4SQpDPnRxsTzo7,"Close Call",close-call,"Close Call",4,2025-05-23T00:38:17.859Z,""
handyman,lSj6sN1dmDyEfHzJA2IL,"Handyman",handyman,"Handyman",4,2025-05-23T00:37:43.509Z,""
globalization-vs-protectionism,lVn6K7Q6UDfrL9rJRAlD,"Globalization vs. Protectionism:",globalization-vs-protectionism,"Globalization vs. Protectionism:",3,2025-05-23T00:38:26.548Z,""
moving-to-cleveland-street,ldAG5deFHnY3Tu2cdlkY,"Moving to Cleveland Street",moving-to-cleveland-street,"Moving to Cleveland Street",4,2025-05-23T00:37:51.330Z,""
2016,llSpkda0q0SEyC2DkkRC,"2016",2016,"2016",4,2025-05-23T00:38:32.508Z,""
my-favorites-now,ln5Jnq9LsqYuuQLvj3NO,"My Favorites Now",my-favorites-now,"My Favorites Now",4,2025-05-23T00:38:20.959Z,""
what-was-the-mascot,lnyEk8J2ft9fCs91q2L2,"What was the mascot?",what-was-the-mascot,"What was the mascot?",3,2025-05-23T00:37:51.962Z,""
european-controller,lozZOafCLPg3AqF60fYT,"European Controller",european-controller,"European Controller",4,2025-05-23T00:38:02.515Z,""
the-flight-is-sickening,lqXNKP4B8lPfQWxsd85d,"The Flight is Sickening",the-flight-is-sickening,"The Flight is Sickening",4,2025-05-23T00:37:59.315Z,""
vice-president-business,m1j3P5doKYXLwu2sNJTc,"Vice President, Business Development & Strategic Planning",vice-president-business,"Vice President, Business Development & Strategic Planning",4,2025-05-23T00:38:02.954Z,""
punt-pass-kick,m3Jks5f0X8jHimOIYHux,"Punt, Pass & Kick",punt-pass-kick,"Punt, Pass & Kick",4,2025-05-23T00:37:48.499Z,""
music,m4uyCgCoBsc6mHbMqtMS,"Music",music,"Music",4,2025-05-23T00:38:27.332Z,""
what-movies-influenced-you,mFdwk343gYVnRMeOlC2W,"What movies influenced you?",what-movies-influenced-you,"What movies influenced you?",3,2025-05-23T00:37:54.348Z,""
the-davis-motto,mIEVhOr5ZJpsvaskD704,"The Davis Motto",the-davis-motto,"The Davis Motto",4,2025-05-23T00:37:38.083Z,""
what-s-the-story-behind-your,mXqtkQbUr7N8jHuU5n43,"What�s the story behind your name?",what-s-the-story-behind-your,"What�s the story behind your name?",3,2025-05-23T00:37:37.474Z,""
what-conflicts-do-you-remember,mcB1qj2254mATvZ3sfvM,"What conflicts do you remember?",what-conflicts-do-you-remember,"What conflicts do you remember?",3,2025-05-23T00:37:41.817Z,""
what-was-one-of-the-toughest,mfXqv4FJQ0SQXjL2ysex,"What was one of the toughest, easiest,
best, worst parts about raising first, second, third",what-was-one-of-the-toughest,"What was one of the toughest, easiest,
best, worst parts about raising first, second, third",3,2025-05-23T00:38:06.478Z,""
learned-to-ride-a-bike,mlRIznXca2QZcA3qM33P,"Learned to Ride a Bike",learned-to-ride-a-bike,"Learned to Ride a Bike",4,2025-05-23T00:37:44.726Z,""
did-you-ever-skip-school,mrC5coVXz463UarP4ixF,"Did you ever skip school?",did-you-ever-skip-school,"Did you ever skip school?",3,2025-05-23T00:38:20.060Z,""
care-for-others,mtPaDoyfcqnDLV24NUSJ,"Care for Others",care-for-others,"Care for Others",4,2025-05-23T00:37:39.439Z,""
are-you-more-like-your-father,n0BMoTrPAWLiuZgQiBXK,"Are you more like your father or your
mother? In what ways?",are-you-more-like-your-father,"Are you more like your father or your
mother? In what ways?",3,2025-05-23T00:37:40.632Z,""
what-satisfaction-did-you-find,n5nq41laIJCGQVerXPQ8,"What satisfaction did you find?",what-satisfaction-did-you-find,"What satisfaction did you find?",3,2025-05-23T00:38:04.041Z,""
pledging,n91VPLr1CMmpiFhke7JT,"Pledging",pledging,"Pledging",4,2025-05-23T00:37:57.077Z,""
what-is-it-like-being-a-father,nGh3F1JOPwrIWMDlKKGg,"What is it like being a father?",what-is-it-like-being-a-father,"What is it like being a father?",3,2025-05-23T00:38:05.952Z,""
which-teachers-influenced-you,nRM9lkuuxnI9Bz2WaEKr,"Which teachers influenced you most?",which-teachers-influenced-you,"Which teachers influenced you most?",3,2025-05-23T00:37:50.515Z,""
constant-competition,nblrnPAmdjrsIEoB71HQ,"Constant Competition",constant-competition,"Constant Competition",4,2025-05-23T00:37:48.650Z,""
orange-grove,ncWxHiqcr8pvb7Elh9sY,"Orange Grove",orange-grove,"Orange Grove",4,2025-05-23T00:37:42.197Z,""
how-have-your-political,nk1V3ZoombjLb8aeeTyU,"How have your political opinions changed over time?",how-have-your-political,"How have your political opinions changed over time?",3,2025-05-23T00:38:11.382Z,""
clemson-football-games,nuJR2rogoxUwpY1L1Xqz,"Clemson Football Games",clemson-football-games,"Clemson Football Games",4,2025-05-23T00:38:15.134Z,""
what-sporting-event-would-you,nwNR7XlzSzKLrZV6fLo6,"What sporting event would you most like to attend?",what-sporting-event-would-you,"What sporting event would you most like to attend?",3,2025-05-23T00:38:12.683Z,""
the-monster-snake,o3XOACSuCj8GtssQuDdq,"The Monster Snake",the-monster-snake,"The Monster Snake",4,2025-05-23T00:38:11.967Z,""
do-you-believe-in-ufos,oFrFDAzfzjaOsoIsAlAQ,"Do you believe in
UFOs?",do-you-believe-in-ufos,"Do you believe in
UFOs?",3,2025-05-23T00:38:18.499Z,""
disrespect,oGDkjy7MyZyiTSUrxLkT,"Disrespect",disrespect,"Disrespect",4,2025-05-23T00:37:43.844Z,""
1993,oHr8aQJoP3ZO4mvkOLvh,"1993",1993,"1993",4,2025-05-23T00:38:30.604Z,""
bicycles-in-the-mud,oLOw7NWsoxVM5h62wtUi,"Bicycles in the Mud",bicycles-in-the-mud,"Bicycles in the Mud",4,2025-05-23T00:37:47.906Z,""
dessert,oLpWGPlZPkvjvpEHBuQP,"Dessert",dessert,"Dessert",4,2025-05-23T00:38:19.380Z,""
what-did-you-find-challenging,oN5jddnjzdD9Ztnaknrj,"What did you find challenging?",what-did-you-find-challenging,"What did you find challenging?",3,2025-05-23T00:37:50.817Z,""
how-much-did-things-cost-in,oNP15cFebEVkw5eQ0k9S,"How much did things cost in 1959?",how-much-did-things-cost-in,"How much did things cost in 1959?",3,2025-05-23T00:37:37.705Z,""
boy-scout-accident,oW0J7dQdXw5AJfEQLOcY,"Boy Scout Accident",boy-scout-accident,"Boy Scout Accident",4,2025-05-23T00:37:47.650Z,""
the-vietnam-war,oXF5VYFAwoH2FgUJ9XHj,"The Vietnam War",the-vietnam-war,"The Vietnam War",4,2025-05-23T00:38:27.417Z,""
golf-team-success,ofCCLHi7PWzNTJr6xv7F,"Golf Team Success",golf-team-success,"Golf Team Success",4,2025-05-23T00:37:52.816Z,""
2014,oiCEXKDXX6G1Noh148ku,"2014",2014,"2014",4,2025-05-23T00:38:32.334Z,""
sandwich,omgy03ITOhtSY95DyyIS,"Sandwich",sandwich,"Sandwich",4,2025-05-23T00:38:19.598Z,""
friday-night-lights,opGuYVlab3HKNr0aBfgl,"Friday Night Lights",friday-night-lights,"Friday Night Lights",4,2025-05-23T00:37:53.377Z,""
have-you-ever-missed-a-flight,owOvFHG96qIf2puxHmvu,"Have you ever missed a flight?",have-you-ever-missed-a-flight,"Have you ever missed a flight?",3,2025-05-23T00:38:17.628Z,""
what-allergies-do-you-have,owr3XAW6RdQalSc8SHO7,"What allergies do you have?",what-allergies-do-you-have,"What allergies do you have?",3,2025-05-23T00:38:19.834Z,""
what-reflections-do-you-have,p6diYezHpguIZvPxIYhp,"What reflections do you have about your grandparents?",what-reflections-do-you-have,"What reflections do you have about your grandparents?",3,2025-05-23T00:37:41.890Z,""
did-you-have-braces,pEO2z73bSYKFxxJcq0Rw,"Did you have braces?",did-you-have-braces,"Did you have braces?",3,2025-05-23T00:38:19.902Z,""
what-was-she-like-when-she-was,pQkH6FD9FiB1Sg5iQFQs,"What was she like when she was younger?",what-was-she-like-when-she-was,"What was she like when she was younger?",3,2025-05-23T00:37:40.015Z,""
the-house,pQqcBIhU8cGkuP6IuOYM,"The House",the-house,"The House",4,2025-05-23T00:37:59.549Z,""
the-bicentennial,pSCT3lH47nlnx9KVHC9b,"The Bicentennial",the-bicentennial,"The Bicentennial",4,2025-05-23T00:37:53.937Z,""
do-you-believe-there-is-life,pUDKX2kalpgUtvCAuVZQ,"Do you believe there is life on other planets?",do-you-believe-there-is-life,"Do you believe there is life on other planets?",3,2025-05-23T00:38:18.665Z,""
my-bike,pW3uOueQ3MBonely8FHg,"My Bike",my-bike,"My Bike",4,2025-05-23T00:37:46.184Z,""
keg-toss-champion,pZVS7V15gxXSPZqi9jL5,"Keg Toss Champion",keg-toss-champion,"Keg Toss Champion",4,2025-05-23T00:37:57.587Z,""
ask-for-what-you-re-worth,pcIFCgOHojz15fTUToSu,"Ask For What You�re Worth",ask-for-what-you-re-worth,"Ask For What You�re Worth",4,2025-05-23T00:38:02.742Z,""
linbrook-drive-columbia-south,pdW4LzetMpchvpvNqjuu,"Linbrook Drive, Columbia, South Carolina",linbrook-drive-columbia-south,"Linbrook Drive, Columbia, South Carolina",4,2025-05-23T00:38:05.881Z,""
what-advice-would-you-give-to,pi0FhPm5YkOJenjKsghN,"What advice would you give to a family
member about college?",what-advice-would-you-give-to,"What advice would you give to a family
member about college?",3,2025-05-23T00:37:58.536Z,""
how-did-priorities-shift,pkaplC3SRPlO0WOxQFhr,"How did priorities shift?",how-did-priorities-shift,"How did priorities shift?",3,2025-05-23T00:38:03.815Z,""
how-did-you-get-to-middle,pkwskSCIq4PMQxU3Ifb5,"How did you get to middle school?",how-did-you-get-to-middle,"How did you get to middle school?",3,2025-05-23T00:37:50.429Z,""
how-do-you-like-your-eggs,poYrGu7KbtwWgufriNB7,"How do you like your eggs?",how-do-you-like-your-eggs,"How do you like your eggs?",3,2025-05-23T00:38:19.758Z,""
what-was-your-favorite-class,pqQgaOHmcXNINDjgwB77,"What was your favorite class?",what-was-your-favorite-class,"What was your favorite class?",3,2025-05-23T00:37:53.779Z,""
what-growth-are-you-proud-of,q4oFMddFjorjrBcVliU8,"What growth are you proud of?",what-growth-are-you-proud-of,"What growth are you proud of?",3,2025-05-23T00:38:22.282Z,""
the-haunted-house,qDFK9fC3FiFNfEJur9PD,"The Haunted House",the-haunted-house,"The Haunted House",4,2025-05-23T00:37:53.294Z,""
how-did-you-prepare-for,qE9g6Lc4G99LuxfakKSQ,"How did you prepare for college/future?",how-did-you-prepare-for,"How did you prepare for college/future?",3,2025-05-23T00:37:52.492Z,""
do-you-believe-in-ghosts,qGlOL6cbAkEYSUBQ80KJ,"Do you believe in
ghosts?",do-you-believe-in-ghosts,"Do you believe in
ghosts?",3,2025-05-23T00:38:18.419Z,""
pulmon,qNBndKCJVJPC62rJ8jNl,"Pulmon",pulmon,"Pulmon",4,2025-05-23T00:38:00.245Z,""
vice-president-finance,qS9ChkPTgzwOmeMPo6Mi,"Vice President, Finance",vice-president-finance,"Vice President, Finance",4,2025-05-23T00:38:03.309Z,""
what-accidents-have-you-had,qSBINOYz5AHYa1eME56Q,"What accidents have you had?",what-accidents-have-you-had,"What accidents have you had?",3,2025-05-23T00:38:13.958Z,""
chief-financial-officer,qTqbQJKoZrIldcitVQ2X,"Chief Financial Officer, Americas",chief-financial-officer,"Chief Financial Officer, Americas",4,2025-05-23T00:38:03.480Z,""
just-write-a-check,qY3gCCoOYoV9NRXM31jP,"Just Write a Check",just-write-a-check,"Just Write a Check",4,2025-05-23T00:38:09.757Z,""
don-t-say-bad-words,qaQjtQPi7C2D0GdoaYNg,"Don�t Say Bad Words",don-t-say-bad-words,"Don�t Say Bad Words",4,2025-05-23T00:37:44.164Z,""
what-challenges-were,qdhCtnaWWWj8Dh9c1A4j,"What challenges were worthwhile?",what-challenges-were,"What challenges were worthwhile?",3,2025-05-23T00:38:22.764Z,""
what-is-your-favorite-holiday,qfHj9FdxvT4FtsH7tiNp,"What is your favorite holiday?",what-is-your-favorite-holiday,"What is your favorite holiday?",3,2025-05-23T00:38:24.615Z,""
she-loved-to-fish,r3ny9Dhleri9eZls2Jcg,"She Loved to Fish",she-loved-to-fish,"She Loved to Fish",4,2025-05-23T00:37:43.084Z,""
what-constants-endure,r4IDELu8NS9SMZ4dje09,"What constants endure?",what-constants-endure,"What constants endure?",3,2025-05-23T00:38:23.009Z,""
what-world-events-do-you,rFuTxOyImrgS8QbUBxJT,"What world events do you remember?",what-world-events-do-you,"What world events do you remember?",3,2025-05-23T00:37:51.596Z,""
where-was-your-mother-born,rHcHrG7eWtD8v88AnuBm,"Where was your mother born?",where-was-your-mother-born,"Where was your mother born?",3,2025-05-23T00:37:39.849Z,""
healthcare-system,rJnIssFL5l3Ulj3nNWxV,"Healthcare System:",healthcare-system,"Healthcare System:",3,2025-05-23T00:38:25.944Z,""
1978,rTNPGOiRQ55dkNX6GTqT,"1978,",1978,"1978,",4,2025-05-23T00:38:29.281Z,""
what-things-from-home-did-you,rWgmJStQGVDTgs9YCbNR,"What things from home did you miss the most while living overseas?",what-things-from-home-did-you,"What things from home did you miss the most while living overseas?",3,2025-05-23T00:38:17.948Z,""
windsurfing-in-aruba,rY5qz3au9xDvRoWeDpqP,"Windsurfing in Aruba",windsurfing-in-aruba,"Windsurfing in Aruba",4,2025-05-23T00:38:17.475Z,""
what-was-your-daily-routine,rjPWp1eXUYUeu5kuQXML,"What was your daily routine?",what-was-your-daily-routine,"What was your daily routine?",3,2025-05-23T00:37:49.898Z,""
business,rlASvzzK2qeW0ELWreHy,"Business",business,"Business",3,2025-05-23T00:38:27.729Z,""
early-daredevil,rldjuCoL9TakSTlaTxXv,"Early Daredevil",early-daredevil,"Early Daredevil",4,2025-05-23T00:37:43.991Z,""
the-bond-side,rxbic4tSPQSe4VBwD3Hz,"The Bond Side",the-bond-side,"The Bond Side",4,2025-05-23T00:37:37.934Z,""
william-elizabeth-and-caroline,sKBKpi9owowcBc1uFxrs,"William,
Elizabeth, and Caroline",william-elizabeth-and-caroline,"William,
Elizabeth, and Caroline",3,2025-05-23T00:38:26.861Z,""
1975,sOR8JlDUtQFHjtcjmwZw,"1975,",1975,"1975,",4,2025-05-23T00:38:29.052Z,""
were-your-parents-strict-or,sQCBVvh8XXzLRQdmOaEI,"Were your parents strict or relaxed?",were-your-parents-strict-or,"Were your parents strict or relaxed?",3,2025-05-23T00:37:40.707Z,""
first-accident,sYHslUjHHhrHB1m6ZdG8,"First
Accident",first-accident,"First
Accident",4,2025-05-23T00:38:13.346Z,""
the-gulf-war,snT7wH0SmfFZIL0keVh3,"The Gulf War",the-gulf-war,"The Gulf War",4,2025-05-23T00:38:02.666Z,""
burning-leaves,ssTHIspkSqG7eGuFHRWs,"Burning Leaves",burning-leaves,"Burning Leaves",4,2025-05-23T00:37:48.429Z,""
when-were-you-born,szqUVAQV3LD0yLuEDOC0,"When were you born?",when-were-you-born,"When were you born?",3,2025-05-23T00:37:37.309Z,""
caroline,t2nLV92ANw8RwcZo6le0,"Caroline",caroline,"Caroline",3,2025-05-23T00:38:06.377Z,""
gas-money,t3OUcueRrmOp3A6ngecL,"Gas Money",gas-money,"Gas Money",4,2025-05-23T00:38:13.175Z,""
closing-note-music-and-life,tWfjrb5mP9D99DxRQTnz,"Closing Note: Music and Life",closing-note-music-and-life,"Closing Note: Music and Life",4,2025-05-23T00:38:16.561Z,""
what-world-events-impacted-you,tc0GGPyrzXzQoFOPA81i,"What world events impacted you?",what-world-events-impacted-you,"What world events impacted you?",3,2025-05-23T00:38:23.178Z,""
the-golf-dream-expired,tcffOpPUFJn1cFdUOCVy,"The Golf Dream Expired",the-golf-dream-expired,"The Golf Dream Expired",4,2025-05-23T00:37:53.214Z,""
what-were-you-like-in,tiKWd7LT9i2RJjqDHwek,"What were you like in Elementary School?",what-were-you-like-in,"What were you like in Elementary School?",3,2025-05-23T00:37:49.742Z,""
1991,tkHB3VoEsqnCdL7Xgpfz,"1991",1991,"1991",4,2025-05-23T00:38:30.442Z,""
what-makes-you-optimistic-or,tlhmWJ2217srszdWRn2f,"What makes you Optimistic or Pessimistic about the younger generation",what-makes-you-optimistic-or,"What makes you Optimistic or Pessimistic about the younger generation",3,2025-05-23T00:38:24.337Z,""
first-semester-college-money,toH3r6KfoHUsZv2UUZAF,"First Semester College Money",first-semester-college-money,"First Semester College Money",4,2025-05-23T00:38:10.081Z,""
ethical-and-philosophical,triLi21Rf8Fr6NNyP0Og,"Ethical and Philosophical Questions",ethical-and-philosophical,"Ethical and Philosophical Questions",3,2025-05-23T00:38:26.784Z,""
first-pet,ttnlDGYbQ0LkxsgPDpzU,"First Pet",first-pet,"First Pet",4,2025-05-23T00:37:48.200Z,""
coconut-cake,twFOORHEf2argd0ROOkl,"Coconut Cake",coconut-cake,"Coconut Cake",4,2025-05-23T00:37:43.014Z,""
masters,u4mDqXEhvhZwgPjLZqta,"Masters",masters,"Masters",4,2025-05-23T00:38:12.759Z,""
my-favorites-then-and-now,uB03Kbun4uH4LTXJM1lW,"My Favorites Then and Now",my-favorites-then-and-now,"My Favorites Then and Now",4,2025-05-23T00:38:20.875Z,""
how-would-you-describe-your,uKtudepKlIyMPUedebNl,"How would you describe your politics?",how-would-you-describe-your,"How would you describe your politics?",3,2025-05-23T00:38:11.221Z,""
who-were-memorable-teachers,uXGHSFeNAy1erMmQnjTw,"Who were memorable teachers?",who-were-memorable-teachers,"Who were memorable teachers?",3,2025-05-23T00:37:52.266Z,""
first-night,uZXjLjaC95QSXM9PytLM,"First Night",first-night,"First Night",4,2025-05-23T00:37:55.650Z,""
what-do-you-miss-about-the-old,uhHwGN7pZ6KFmPNbwoGq,"What do you miss about the 'old' days?",what-do-you-miss-about-the-old,"What do you miss about the 'old' days?",3,2025-05-23T00:38:25.160Z,""
how-did-your-leadership-evolve,utl5uuaomBE2gLgewTaG,"How did your leadership evolve?",how-did-your-leadership-evolve,"How did your leadership evolve?",3,2025-05-23T00:38:04.282Z,""
different-inside,uvnLYOODWF7EcgHILyNG,"Different Inside",different-inside,"Different Inside",4,2025-05-23T00:37:43.766Z,""
what-innovations-did-you-drive,uwWHp5wmZMBKqtIhcL5Q,"What innovations did you drive?",what-innovations-did-you-drive,"What innovations did you drive?",3,2025-05-23T00:38:05.581Z,""
dedication,v1OuKycYgmd5FHQCcT4y,"Dedication",dedication,"Dedication",4,2025-05-23T00:37:40.088Z,""
french-open,v8ePEHcCnTCGEbSs9CVi,"French Open",french-open,"French Open",4,2025-05-23T00:38:12.847Z,""
learning-to-windsurf,vCtgnFdECaOIAUusvSCR,"Learning to Windsurf",learning-to-windsurf,"Learning to Windsurf",4,2025-05-23T00:38:17.247Z,""
florida,vEm85BUSei5xATbaPhWP,"Florida",florida,"Florida",4,2025-05-23T00:38:20.713Z,""
did-you-participate-in-high,vFussFH8Clr9c1npFjd3,"Did
you participate in high school sports?",did-you-participate-in-high,"Did
you participate in high school sports?",3,2025-05-23T00:37:52.575Z,""
kappa-sigma-round-2,vW9EpR8UUnoSv5TNYhxd,"Kappa Sigma � Round 2",kappa-sigma-round-2,"Kappa Sigma � Round 2",4,2025-05-23T00:37:56.999Z,""
where-did-you-live-during,vYjMPONMnWgg3gtHA3p6,"Where did you live during college?",where-did-you-live-during,"Where did you live during college?",3,2025-05-23T00:37:57.430Z,""
fall-from-the-car,vZgiRjRIK3CdbMbRLW3D,"Fall From the Car",fall-from-the-car,"Fall From the Car",4,2025-05-23T00:37:44.496Z,""
what-are-you-superstitious,vxkExmBNJ8exijnPdiZR,"What are you
superstitious about?",what-are-you-superstitious,"What are you
superstitious about?",3,2025-05-23T00:38:18.832Z,""
what-was-the-name-of-your,w14rrSq3wq5UyeV8vi7U,"What was the name of your middle school?",what-was-the-name-of-your,"What was the name of your middle school?",3,2025-05-23T00:37:50.351Z,""
2018,w1ivMRuq9tggnEF5Cwx9,"2018",2018,"2018",4,2025-05-23T00:38:32.664Z,""
ancient-communication-method,w8RFbZbEMR5PrvdfqH9I,"Ancient Communication Method",ancient-communication-method,"Ancient Communication Method",4,2025-05-23T00:38:01.766Z,""
the-tattle-tail,w8gB5nEzVJG2YLbdAtlE,"The Tattle Tail",the-tattle-tail,"The Tattle Tail",4,2025-05-23T00:37:42.936Z,""
who-was-your-worst-boss,wDY9GqUaHjhqyNZ1Loip,"Who was your worst boss?",who-was-your-worst-boss,"Who was your worst boss?",3,2025-05-23T00:38:04.648Z,""
how-did-sibling-relationships,wVehB0cwoqhMORvtdu9S,"How did sibling relationships develop?",how-did-sibling-relationships,"How did sibling relationships develop?",3,2025-05-23T00:38:07.363Z,""
santa-won-t-stop,waqLPDxMDCJFrJgFfGi8,"Santa Won�t Stop",santa-won-t-stop,"Santa Won�t Stop",4,2025-05-23T00:37:43.423Z,""
home-life,wn0sZdadePAzKbNFY00W,"Home Life",home-life,"Home Life",4,2025-05-23T00:37:49.025Z,""
gig-economy-and-worker-rights,ws3LBLFToYbyIjd4CH2B,"Gig Economy and Worker Rights:",gig-economy-and-worker-rights,"Gig Economy and Worker Rights:",3,2025-05-23T00:38:25.634Z,""
pinewood-derby,wtoMixN79Fh7G5GPJMXQ,"Pinewood Derby",pinewood-derby,"Pinewood Derby",4,2025-05-23T00:37:46.341Z,""
missed-christmas-flight,wyz3C8JtDHejliK50vHk,"Missed Christmas Flight",missed-christmas-flight,"Missed Christmas Flight",4,2025-05-23T00:38:17.716Z,""
what-are-you-most-proud-of,x5FzjzLW4BXIv0XPuejd,"What are you most proud of?",what-are-you-most-proud-of,"What are you most proud of?",3,2025-05-23T00:38:21.432Z,""
creative-mishaps,xcwylEex1TF2o8RBHuL9,"Creative
Mishaps",creative-mishaps,"Creative
Mishaps",4,2025-05-23T00:37:48.823Z,""
what-is-the-story-behind-the,xd6My9u0WAA3RE9cWCp6,"What is the story behind the family names?",what-is-the-story-behind-the,"What is the story behind the family names?",3,2025-05-23T00:37:37.782Z,""
jerry-pierson,xeyhxnbSl7ReLA6VD9Ro,"Jerry Pierson",jerry-pierson,"Jerry Pierson",4,2025-05-23T00:38:04.891Z,""
muddy-bikes,xheUN3Y7JK7QRNYcaXxO,"Muddy Bikes",muddy-bikes,"Muddy Bikes",4,2025-05-23T00:37:42.862Z,""
what-did-you-do-after-school,xiSonoKxr7dwzI0erkaa,"What did you do after school?",what-did-you-do-after-school,"What did you do after school?",3,2025-05-23T00:37:50.058Z,""
who-were-your-friends,xlmnCu0kOmgzp7UtJGHM,"Who were your friends?",who-were-your-friends,"Who were your friends?",3,2025-05-23T00:37:50.280Z,""
windsurfing-in-hawaii,xmF2UqJNbZab6etS3vq8,"Windsurfing in Hawaii",windsurfing-in-hawaii,"Windsurfing in Hawaii",4,2025-05-23T00:38:17.396Z,""
who-had-the-biggest-influence,xmgmJ4Y69d4XhkcRcCUd,"Who had the biggest influence on your life?",who-had-the-biggest-influence,"Who had the biggest influence on your life?",3,2025-05-23T00:38:24.414Z,""
1985,xnEQNBXGKIgtWMrugwfx,"1985",1985,"1985",4,2025-05-23T00:38:29.947Z,""
the-never-ending-lawn,xnyuUNqepBPYeUOO0YGz,"The Never-Ending Lawn",the-never-ending-lawn,"The Never-Ending Lawn",4,2025-05-23T00:38:05.332Z,""
being-a-father,xrR3RPVKBWo2NusjPD7R,"Being a Father",being-a-father,"Being a Father",3,2025-05-23T00:38:06.146Z,""
apartment-roommate,xtTjhDG3ZhFA2sbj21ra,"Apartment Roommate",apartment-roommate,"Apartment Roommate",4,2025-05-23T00:38:00.004Z,""
have-you-ever-gotten-into-a,xyABMZHBQmNk7nyLYECR,"Have you ever gotten
into a fight?",have-you-ever-gotten-into-a,"Have you ever gotten
into a fight?",3,2025-05-23T00:38:21.344Z,""
started-strong-finished-middle,xz8zwwgyhlbjYL9ls3zf,"Started Strong, Finished
Middle",started-strong-finished-middle,"Started Strong, Finished
Middle",4,2025-05-23T00:37:59.002Z,""
chief-financial-officer,y4Z3fr8k7vRD5OYJDf8i,"Chief Financial Officer",chief-financial-officer,"Chief Financial Officer",4,2025-05-23T00:38:03.564Z,""
vacations-with-the-meltons,yBUcKpPP8NGDS7kEyLba,"Vacations with the Meltons",vacations-with-the-meltons,"Vacations with the Meltons",4,2025-05-23T00:38:14.755Z,""
what-inventions-have-had-the,yCZR7fybKBl2W6p1brcS,"What inventions have had the biggest impact
on your day-to-day life?",what-inventions-have-had-the,"What inventions have had the biggest impact
on your day-to-day life?",3,2025-05-23T00:38:15.294Z,""
what-was-your-major-and-why,yDCX0lTMUBRwnPsnRlNq,"What was your major and why?",what-was-your-major-and-why,"What was your major and why?",3,2025-05-23T00:37:54.908Z,""
snoring-keeping-santa-away,yGkuPMnTmWB0IllkNzkU,"Snoring Keeping Santa Away",snoring-keeping-santa-away,"Snoring Keeping Santa Away",4,2025-05-23T00:38:21.198Z,""
missed-being-grand-master,yGzW5kG2z5Qmgm0d5QBo,"Missed Being Grand Master",missed-being-grand-master,"Missed Being Grand Master",4,2025-05-23T00:37:57.252Z,""
kappa-sigma,yGzzOrOk1BuFMRGMCpdQ,"Kappa Sigma",kappa-sigma,"Kappa Sigma",4,2025-05-23T00:37:55.972Z,""
why-did-you-transfer-to,yHJyoM9G9FIjxApk4td8,"Why
did you transfer to Clemson?",why-did-you-transfer-to,"Why
did you transfer to Clemson?",3,2025-05-23T00:37:56.831Z,""
flying-glass,yIQOHnRMT949GeRqzUJb,"Flying Glass",flying-glass,"Flying Glass",4,2025-05-23T00:37:47.501Z,""
is-there-a-sporting-event-you,yL6isNPwZx9ErCyqdk4j,"Is there a sporting event you remember as a kid?",is-there-a-sporting-event-you,"Is there a sporting event you remember as a kid?",3,2025-05-23T00:38:12.918Z,""
what-family-activities-were,yLCcOtuWgCqbtFBflqiv,"What family activities were common?",what-family-activities-were,"What family activities were common?",3,2025-05-23T00:37:41.748Z,""
seamstress-for-pennies,ySTIgpC0kMT6GHHejAGi,"Seamstress for Pennies",seamstress-for-pennies,"Seamstress for Pennies",4,2025-05-23T00:37:42.678Z,""
2003,ySxZtbd1xUaxwVQF32uD,"2003",2003,"2003",4,2025-05-23T00:38:31.453Z,""
the-house,yZcL04FwvPEZcuSud3mv,"The House",the-house,"The House",4,2025-05-23T00:37:46.113Z,""
poor-study-skills,ygbIQFci1OH0rV4wWnqT,"Poor Study Skills",poor-study-skills,"Poor Study Skills",4,2025-05-23T00:37:56.225Z,""
which-past-time-would-you-like,yhx4shrsyPOLsawFOt40,"Which past time would you like to travel to?",which-past-time-would-you-like,"Which past time would you like to travel to?",3,2025-05-23T00:38:18.738Z,""
part-time-sitter,yudiX5LICS7WozKTyqbn,"Part-time Sitter",part-time-sitter,"Part-time Sitter",4,2025-05-23T00:37:42.764Z,""
my-marriage,yurwoQMsyFZqj09QFIIt,"My Marriage",my-marriage,"My Marriage",4,2025-05-23T00:38:24.099Z,""
how-did-you-balance-work-and,yvkpVOo002oG6TtbR7Vd,"How did you balance work and family?",how-did-you-balance-work-and,"How did you balance work and family?",3,2025-05-23T00:38:07.208Z,""
pete-s-drive-in,yvzYKbY7lQmFfbGx0kvb,"Pete�s Drive-In",pete-s-drive-in,"Pete�s Drive-In",4,2025-05-23T00:37:53.535Z,""
good-morning-teacher,yzH9H8aOlqAsdW0oAzXP,"Good Morning Teacher",good-morning-teacher,"Good Morning Teacher",4,2025-05-23T00:37:44.415Z,""
do-you-like-roller-coasters,z4EgVw2RVHk32COuU9Kv,"Do you like roller coasters?",do-you-like-roller-coasters,"Do you like roller coasters?",3,2025-05-23T00:38:19.980Z,""
didn-t-make-the-team,z4JnwvocbyfnroE3pKwf,"Didn�t Make the Team",didn-t-make-the-team,"Didn�t Make the Team",4,2025-05-23T00:38:23.858Z,""
government-spending-and-debt,z8ckzm1JoQsk1IykDkUy,"Government Spending and Debt:",government-spending-and-debt,"Government Spending and Debt:",3,2025-05-23T00:38:26.375Z,""
golf-is-a-valuable-skill,zKiM846dEcpXUoU2vFmv,"Golf is a Valuable Skill",golf-is-a-valuable-skill,"Golf is a Valuable Skill",4,2025-05-23T00:38:12.267Z,""
1970,zMQlGirCksMKnLGyqo8z,"1970,",1970,"1970,",4,2025-05-23T00:38:28.627Z,""
cough-drops,zUCS8hRET77CxEnu7lfb,"Cough Drops",cough-drops,"Cough Drops",4,2025-05-23T00:37:43.255Z,""
what-s-your-idea-of-happiness,zXTSZlt0vdDi8hEfiNAH,"What�s your idea of happiness?",what-s-your-idea-of-happiness,"What�s your idea of happiness?",3,2025-05-23T00:38:08.984Z,""
first-black-person,zZv3V7nz3NZqi2DgAkXa,"First
Black Person",first-black-person,"First
Black Person",4,2025-05-23T00:37:48.579Z,""
what-advice-would-you-give,zbhht3S6dkhTIffny1Zz,"What advice would you give your great grandchildren?",what-advice-would-you-give,"What advice would you give your great grandchildren?",3,2025-05-23T00:38:24.261Z,""
what-was-your-favorite-sport,zl1DStB1m20IB7GefrA4,"What was your favorite sport?",what-was-your-favorite-sport,"What was your favorite sport?",3,2025-05-23T00:38:12.438Z,""
she-broke-up-with-me,zlKJpqzWfrM1TbOQOXPw,"She Broke Up With Me",she-broke-up-with-me,"She Broke Up With Me",4,2025-05-23T00:38:24.025Z,""
what-roles-did-extended-family,zplimRJAs2E7h5K3NkOj,"What roles did extended family play?",what-roles-did-extended-family,"What roles did extended family play?",3,2025-05-23T00:38:07.285Z,""